celltype,gene,in_secretome,full_lfc,full_padj,pmiadj_lfc,pmiadj_padj,exploratory,loo_n,loo_sign_stable_frac,loo_max_padj,loo_grp_fallback
DG_GC,SMOC2,True,-1.236,0.0666042840637038,-1.36,0.08844434392292388,False,16,1.0,0.1934,1
DG_GC,COL22A1,True,-1.055,0.0363290390114239,-0.975,0.17459913260317653,False,16,1.0,0.3298,1
DG_GC,SERPING1,True,1.829,0.04386350222356454,1.822,0.10915998226738166,False,16,1.0,0.2426,1
DG_GC,ST8SIA2,True,-2.258,0.060332722228737104,-2.001,,False,16,1.0,0.1622,1
CA_ExN,COL11A1,True,-2.356,0.04070284553761369,-2.827,0.007613179173160802,False,17,1.0,0.2115,0
CA_ExN,ALCAM,True,-1.088,0.014184967364580692,-1.103,0.024186578067580688,False,17,1.0,0.1299,0
CA_ExN,PCSK6,True,-1.562,0.06662392889678305,-1.603,0.05474064547087805,False,17,1.0,0.2802,0
Astro,PAPPA2,True,0.733,0.029254913312770133,0.738,0.1304154951124888,False,17,1.0,0.1971,0
Astro,USH2A,True,-1.129,0.05477253700992332,-1.167,0.14840035286209555,False,17,1.0,0.3466,0
Astro,LYPD6,True,-0.635,0.06449578780101424,-0.794,0.04425279788044982,False,17,1.0,0.2983,0
Astro,FAP,True,2.298,0.0009451070781633772,2.578,0.010079020008230874,False,17,1.0,0.0355,0
Astro,IGFBP5,True,1.62,0.03415225744538415,1.291,0.3628041003327257,False,17,1.0,0.1971,0
Astro,COL8A1,True,1.8,0.04943913842562381,2.007,0.08023425723607705,False,17,1.0,0.2325,0
Astro,CXCL2,True,2.018,0.05655724968370494,2.25,0.12355878240075441,False,17,1.0,0.2664,0
Astro,COL21A1,True,1.578,0.04377347669422865,1.628,0.19022672371765956,False,17,1.0,0.1971,0
Astro,COL12A1,True,1.38,0.03624633758385923,1.569,0.05010822223898699,False,17,1.0,0.1401,0
Astro,CCN2,True,2.424,0.009852720974523641,2.709,0.010079020008230874,False,17,1.0,0.0498,0
Astro,SEMA3D,True,1.524,0.06403607807571947,1.596,0.22280295347439383,False,17,1.0,0.2522,0
Astro,COL26A1,True,-1.336,0.06864229218585628,-1.2,0.38374109472854756,False,17,1.0,0.4243,0
Astro,ANXA1,True,1.991,0.06864229218585628,2.214,0.16155491105477796,False,17,1.0,0.2848,0
Astro,ECM2,True,1.445,0.03403537931727834,1.43,0.18513656829684724,False,17,1.0,0.1408,0
Astro,TNC,True,1.22,0.02902751531478184,1.26,0.13908611609096264,False,17,1.0,0.157,0
Astro,HMCN2,True,-2.454,0.00027563966161267604,-2.265,0.018345402596947162,False,17,1.0,0.0185,0
Astro,WNT5B,True,-1.289,0.00027563966161267604,-1.227,0.018582257230193647,False,17,1.0,0.0041,0
Micro,CYTL1,True,1.567,0.09984329314001622,1.132,0.7124317419124407,False,16,1.0,0.6972,0
Micro,IL15,True,3.113,5.504906982463815e-05,3.001,0.0059102500947521164,False,16,1.0,0.0059,0
Micro,SERPINE1,True,3.837,0.06661922768861131,3.592,0.4124652913580439,False,16,1.0,0.4496,0
Micro,ASAH1,True,0.843,0.08323165884993883,0.975,0.1868678797409776,False,16,1.0,0.6555,0
Micro,LUZP2,True,-1.941,0.07992022962675094,-2.079,0.34721881441493146,False,16,1.0,0.6555,0
Micro,GLT1D1,True,-1.915,0.0053971865689174696,-1.841,0.1868678797409776,False,16,1.0,0.1582,0
Micro,NID2,True,-3.402,0.08204615469857911,-3.585,0.39647559585996567,False,16,1.0,0.9366,0
Micro,NPC2,True,1.305,0.004807885499453991,1.112,0.1868678797409776,False,16,1.0,0.1092,0
Micro,LGALS9,True,1.043,0.029480312040618392,1.024,0.24086778171241097,False,16,1.0,0.5558,0
Micro,LIPG,True,2.587,0.05630636151275417,2.072,0.559625501513706,False,16,1.0,0.5792,0
Micro,APOC1,True,1.847,0.0492165318282791,1.904,0.27972188880945803,False,16,1.0,0.1886,0
Oligo,EPHA3,True,2.068,0.049095237631265484,1.997,0.1616909322858713,False,17,1.0,0.2152,0
Oligo,CD74,True,2.205,0.013737298931302471,2.393,0.022299598048427627,False,17,1.0,0.0958,0
Oligo,NRG1,True,-1.489,0.05715997548425152,-1.305,0.279031249842139,False,17,1.0,0.2152,0
Oligo,ECM2,True,1.306,0.027393213494402772,1.023,0.2884686354909776,False,17,1.0,0.4497,0
Oligo,VSTM4,True,-0.737,0.0486889725344373,-0.712,0.17449929625949895,False,17,1.0,0.4777,0
Oligo,LTBP3,True,0.51,0.08320371820305493,0.605,0.06476501606537949,False,17,1.0,0.402,0
Oligo,PTPRR,True,-1.316,0.05566111251062517,-1.362,0.13624404122610975,False,17,1.0,0.1789,0
OPC,BMPER,True,-1.213,0.03661154747060028,-1.121,0.3202855395396204,False,17,1.0,0.1839,0
OPC,AZGP1,True,2.746,0.017276729578076723,2.485,0.24012677624455395,False,17,1.0,0.1081,0
OPC,ADAMTS20,True,-3.24,0.017276729578076723,-3.063,0.1907188932307273,False,17,1.0,0.0493,0
OPC,COL4A2,True,1.621,0.04703991801705305,2.095,0.002722061452788618,False,17,1.0,0.2598,0
OPC,ADAMTSL3,True,-1.387,0.05655991924865505,-0.937,0.8096203344771117,False,17,1.0,0.227,0
OPC,FGF13,True,-1.241,0.017134937262022944,-1.232,0.13701443438522096,False,17,1.0,0.1018,0
Endo,APOD,True,2.761,0.02871197980743719,3.244,0.019403880262047882,False,16,1.0,0.2706,0
Endo,KDR,True,-1.349,0.04922122152242305,-1.598,0.2041053619124892,False,16,1.0,0.4356,0
Endo,LAMA4,True,-1.14,0.04922122152242305,-1.152,0.3064823586252469,False,16,1.0,0.3054,0
Endo,PLAT,True,-1.764,0.009204717437054978,-1.935,0.13465829743676067,False,16,1.0,0.1637,0
Endo,PRSS3,True,-2.504,0.00022000688231063335,-2.622,0.06302740319742958,False,16,1.0,0.0196,0
Endo,MMP28,True,-1.701,0.0957307176281496,-2.276,0.13465829743676067,False,16,1.0,0.4,0
NSC,CNTN2,True,-1.989,0.04559539387528203,-0.254,0.9990162536268223,True,12,1.0,0.268,1
NSC,AGT,True,1.624,0.09415802459282159,1.305,0.9990162536268223,True,12,1.0,0.5295,1
NSC,ALCAM,True,-1.139,0.010779521539158605,-1.269,0.9990162536268223,True,12,1.0,0.4017,1
NSC,SPARCL1,True,1.417,0.05454785102220649,0.284,0.9990162536268223,True,12,1.0,0.5083,1
NSC,HHIP,True,-1.869,0.005753826738483946,-0.897,0.9990162536268223,True,12,1.0,0.1115,1
NSC,CPE,True,1.549,0.005428035680295304,0.88,0.9990162536268223,True,12,1.0,0.1599,1
NSC,SCRG1,True,2.118,0.019830747661649186,2.39,0.9990162536268223,True,12,1.0,0.1428,1
NSC,HSP90AB1,True,1.293,0.09733136203299116,0.65,0.9990162536268223,True,12,1.0,0.5341,1
NSC,COL21A1,True,2.284,0.09716113960846354,1.528,0.9990162536268223,True,12,1.0,0.1992,1
NSC,CLU,True,1.82,0.010779521539158605,0.804,0.9990162536268223,True,12,1.0,0.1115,1
NSC,PTPRJ,True,-1.968,0.07916715796307447,-0.786,0.9990162536268223,True,12,1.0,0.5508,1
NSC,JAM3,True,-1.129,0.08684065620886551,-0.944,0.9990162536268223,True,12,1.0,0.4282,1
NSC,B2M,True,2.303,0.06166076935282091,1.778,0.9990162536268223,True,12,1.0,0.2678,1
NSC,GLDN,True,-2.027,0.005428035680295304,-1.402,0.9990162536268223,True,12,1.0,0.2346,1
NSC,METRN,True,1.332,0.0739255505796707,0.481,0.9990162536268223,True,12,1.0,0.3747,1
NSC,APOE,True,2.317,0.0052600396179246405,0.6,0.9990162536268223,True,12,1.0,0.0376,1
NSC,CST3,True,2.414,0.00042629687335252946,1.206,0.9990162536268223,True,12,1.0,0.0119,1
