gene	celltype	frozen_direction	frozen_log2FC	baseMean	betaConv	HA_YA_LFC_coef	AD_HA_LFC_coef	AD_YA_LFC_coef	coefficient_identity_error	HA_YA_LFC_raw	AD_HA_LFC_raw	AD_YA_LFC_raw	results_identity_error	HA_YA_LFC_ashr	AD_HA_LFC_ashr	AD_YA_LFC_ashr	A_raw	D_raw	T_raw_sum	T_raw_direct	raw_identity_error	A	D	T_class	T_direct_shrunk	T_discrepancy	delta_final	category_margin_D_minus_delta	aging_projection_status	trajectory_category	trajectory_subflag	trajectory_category_rawLFC	pvalue_HA_YA	padj_HA_YA	pvalue_AD_HA	padj_AD_HA	pvalue_AD_YA	padj_AD_YA
FAP	Astro	UP	2.62820978845488	106.7130568476	True	2.50472158148325	-0.108591651339831	2.39612993014341	0.0	2.50472158148325	-0.108591651339831	2.39612993014341	0.0	1.90628954384872	-0.0292676599564988	1.92201332183081	2.50472158148325	-0.108591651339831	2.396129930143419	2.39612993014341	-8.881784197001252e-15	1.90628954384872	-0.0292676599564988	1.8770218838922212	1.92201332183081	0.04499143793858873	0.95314477192436	-0.9824124318808588	eligible	maintained		maintained	4.330784725637441e-09	2.68407601345923e-05	0.791379615191303	0.907502153526919	4.22051466599883e-08	1.4806043242437e-05
HMCN2	Astro	DOWN	-2.63012103565266	7.02858739340484	True	-2.61876650403251	0.375944592011057	-2.24282191202145	0.0	-2.61876650403251	0.375944592011057	-2.24282191202145	0.0	-2.00299481610674	0.0861657489192675	-1.70485063199871	2.61876650403251	-0.375944592011057	2.2428219120214528	2.24282191202145	-2.6645352591003757e-15	2.00299481610674	-0.0861657489192675	1.9168290671874726	1.70485063199871	-0.21197843518876258	1.00149740805337	-1.0876631569726376	eligible	maintained		maintained	9.01189401368022e-10	8.37790726981781e-06	0.44202279409467	0.693490207586572	1.33033228883876e-06	0.0001606082063338
WNT5B	Astro	DOWN	-1.55348595832513	35.3535431090847	True	-1.51060104645746	0.379389331301777	-1.13121171515569	0.0	-1.51060104645746	0.379389331301777	-1.13121171515569	0.0	-1.3784002934091	0.18795062965659	-0.941897360764089	1.51060104645746	-0.379389331301777	1.131211715155683	1.13121171515569	6.8833827526759706e-15	1.3784002934091	-0.18795062965659	1.19044966375251	0.941897360764089	-0.2485523029884209	0.68920014670455	-0.87715077636114	eligible	maintained		maintained	2.9466334025e-11	5.47867548526825e-07	0.118507380732088	0.348412855333942	4.1468733754451e-06	0.000370686618604
COL21A1	Astro	UP	1.90974238288599	387.1763940661	True	1.85903641412609	-0.107298465537521	1.75173794858857	0.0	1.85903641412609	-0.107298465537521	1.75173794858857	0.0	1.43910108672554	-0.0312594214280006	1.34627524898558	1.85903641412609	-0.107298465537521	1.751737948588569	1.75173794858857	1.1102230246251565e-15	1.43910108672554	-0.0312594214280006	1.4078416652975394	1.34627524898558	-0.06156641631195936	0.71955054336277	-0.7508099647907707	eligible	maintained		maintained	1.32905228761028e-06	0.0027456743537264	0.778746562832221	0.90078373047575	8.69084030741042e-06	0.000638690884726
TNC	Astro	UP	1.35422124338215	775.033411446726	True	1.31786171242413	-0.311477608630974	1.00638410379316	0.0	1.31786171242413	-0.311477608630974	1.00638410379316	0.0	0.72083073664499	-0.0990696010756702	0.527404278864219	1.31786171242413	-0.311477608630974	1.006384103793156	1.00638410379316	3.9968028886505635e-15	0.72083073664499	-0.0990696010756702	0.6217611355693198	0.527404278864219	-0.09435685670510074	0.360415368322495	-0.4594849693981652	eligible	maintained		maintained	0.0002999239157168	0.0453528255818848	0.392868563530116	0.653901067913356	0.0070568912118966	0.061141089609876
ECM2	Astro	UP	1.7786725833895	46.1032455244916	True	1.76231768588282	-0.310995483434915	1.45132220244791	0.0	1.76231768588282	-0.310995483434915	1.45132220244791	0.0	1.30539113806919	-0.094859435782808	0.934666440431523	1.76231768588282	-0.310995483434915	1.4513222024479049	1.45132220244791	5.10702591327572e-15	1.30539113806919	-0.094859435782808	1.210531702286382	0.934666440431523	-0.27586526185485893	0.652695569034595	-0.747555004817403	eligible	maintained		maintained	7.44394813176173e-06	0.0081414898596379	0.411357383238306	0.668293853023747	0.0003769913819807	0.0086322669521782
CCN2	Astro	UP	2.30647552143923	6.67658967658305	True	2.33170507494696	-1.41938892068172	0.912316154265236	0.0	2.33170507494696	-1.41938892068172	0.912316154265236	0.0	1.48781646352319	-0.618881360267256	0.228839811000485	2.33170507494696	-1.41938892068172	0.91231615426524	0.912316154265236	-3.9968028886505635e-15	1.48781646352319	-0.618881360267256	0.868935103255934	0.228839811000485	-0.640095292255449	0.743908231761595	-1.362789592028851	eligible	maintained		AD_attenuated	5.17337861276723e-06	0.0060117892841988	0.0021223719579019	0.0341771811991973	0.118675280667048	0.337958262129335
SEMA3D	Astro	UP	1.80477567380751	76.2979214824496	True	1.78747876082948	0.636496906543897	2.42397566737338	0.0	1.78747876082948	0.636496906543897	2.42397566737338	4.44089209850063e-16	1.20017419243977	0.202614840598863	1.95516429186247	1.78747876082948	0.636496906543897	2.423975667373377	2.42397566737338	3.1086244689504383e-15	1.20017419243977	0.202614840598863	1.402789033038633	1.95516429186247	0.5523752588238371	0.600087096219885	-0.39747225562102195	eligible	maintained		maintained	2.51657188228409e-05	0.0148275020013166	0.117822110792072	0.347157552093192	2.37927269936054e-08	1.02878644881885e-05
ANXA1	Astro	UP	2.5740433697759	36.4932097268082	True	2.57447402700972	0.576689676449736	3.15116370345946	0.0	2.57447402700972	0.576689676449736	3.15116370345946	0.0	0.309643334451552	0.074933647069526	1.37285321293249	2.57447402700972	0.576689676449736	3.1511637034594564	3.15116370345946	3.552713678800501e-15	0.309643334451552	0.074933647069526	0.384576981521078	1.37285321293249	0.988276231411412	0.25	-0.175066352930474	eligible	maintained		maintained	0.0011202172095977	0.0860669362729391	0.445959724367375	0.696396137022715	9.76697090013165e-05	0.0033629127767805
COL12A1	Astro	UP	1.45394278066037	19.7863077320276	True	1.43966690394435	-0.0437711792884907	1.39589572465586	0.0	1.43966690394435	-0.0437711792884908	1.39589572465586	0.0	0.5421414258455	-0.0118314375239307	0.736989891119794	1.43966690394435	-0.0437711792884908	1.3958957246558592	1.39589572465586	8.881784197001252e-16	0.5421414258455	-0.0118314375239307	0.5303099883215693	0.736989891119794	0.20667990279822468	0.27107071292275	-0.28290215044668066	eligible	maintained		maintained	0.0008412772433885	0.0761704145236287	0.914574218407501	0.963286508150513	0.0020917083981545	0.0272728851661204
USH2A	Astro	DOWN	-1.21247415734756	8.79869943018004	True	-1.21072295634684	0.299117946530427	-0.911605009816415	0.0	-1.21072295634684	0.299117946530427	-0.911605009816415	1.11022302462516e-16	-1.00295896455517	0.119946370371442	-0.580721586901371	1.21072295634684	-0.299117946530427	0.911605009816413	0.911605009816415	1.9984014443252818e-15	1.00295896455517	-0.119946370371442	0.883012594183728	0.580721586901371	-0.302291007282357	0.501479482277585	-0.6214258526490269	eligible	maintained		maintained	8.54376396545955e-06	0.008825233522766	0.304406017112485	0.575282517866254	0.0023889230595973	0.0297902390657901
IGFBP5	Astro	UP	1.58079016684165	288.37889986529	True	1.60862990662158	0.671879001019668	2.28050890764125	0.0	1.60862990662158	0.671879001019668	2.28050890764125	0.0	0.902237388255093	0.209061057518081	1.8169456723334	1.60862990662158	0.671879001019668	2.2805089076412477	2.28050890764125	2.220446049250313e-15	0.902237388255093	0.209061057518081	1.111298445773174	1.8169456723334	0.705647226560226	0.4511186941275465	-0.24205763660946553	eligible	maintained		maintained	0.0001421872263736	0.0347853565784924	0.109182422242969	0.332791997950759	1.42480031610463e-07	3.8393206199034e-05
CXCL2	Astro	UP	2.22433812607268	11.8902305708658	True	2.17928692812556	-1.75675056624293	0.422536361882629	-5.55111512312578e-17	2.17928692812556	-1.75675056624293	0.422536361882629	-2.77555756156289e-16	0.568839856195072	-0.491185125418037	0.076423545150908	2.17928692812556	-1.75675056624293	0.4225363618826299	0.422536361882629	-8.881784197001252e-16	0.568839856195072	-0.491185125418037	0.07765473077703505	0.076423545150908	-0.0012311856261270487	0.284419928097536	-0.775605053515573	eligible	AD_attenuated		AD_attenuated	0.0004586262212583	0.053295233324104	0.0044390065253186	0.053303448873747	0.531600151674796	0.754393362312149
LYPD6	Astro	DOWN	-0.656029444424501	180.716477066566	True	-0.637680735853368	0.529847826148021	-0.107832909705347	-1.38777878078145e-17	-0.637680735853368	0.529847826148021	-0.107832909705347	-1.38777878078145e-17	-0.215518035121824	0.305203613779115	-0.0527715467711568	0.637680735853368	-0.529847826148021	0.10783290970534709	0.107832909705347	-9.71445146547012e-17	0.215518035121824	-0.305203613779115	-0.08968557865729099	0.0527715467711568	0.1424571254284478			weak_indeterminate	weak_indeterminate_aging_projection		AD_attenuated	0.005383189838188	0.182104204442813	0.0215819120087425	0.133604487140011	0.648970419276415	0.826166081121005
CHST9	Astro	UP	0.988510866891416	230.849082254517	True	0.997107077817516	-0.566084807001391	0.431022270816125	0.0	0.997107077817516	-0.566084807001391	0.431022270816125	0.0	0.530951822330988	-0.264605705076275	0.197883002670543	0.997107077817516	-0.566084807001391	0.431022270816125	0.431022270816125	0.0	0.530951822330988	-0.264605705076275	0.266346117254713	0.197883002670543	-0.06846311458417001	0.265475911165494	-0.530081616241769	eligible	maintained		AD_attenuated	0.0005652013933274	0.0620987083227222	0.0502762041306554	0.217585715455279	0.149193926914398	0.383886338654775
ADAMTS19	Astro	DOWN	-2.97952293132605	20.844121002474	True	-2.61087502452824	-0.601844970434584	-3.21271999496283	0.0	-2.61087502452824	-0.601844970434584	-3.21271999496283	4.44089209850063e-16	-0.869771601052834	-0.083599847295941	-1.81565039573026	2.61087502452824	0.601844970434584	3.212719994962824	3.21271999496283	5.773159728050814e-15	0.869771601052834	0.083599847295941	0.953371448348775	1.81565039573026	0.8622789473814851	0.434885800526417	-0.351285953230476	eligible	maintained		maintained	9.01211267491722e-05	0.0288900363732303	0.406607167187329	0.664775699431846	1.01060235972205e-05	0.0007063958524177
CRB2	Astro	UP	0.935309385503579	79.7102542687049	True	0.95082740821816	-0.133560343349062	0.817267064869098	0.0	0.95082740821816	-0.133560343349062	0.817267064869098	-1.11022302462516e-16	0.712245525739966	-0.0626533293714868	0.578273750262043	0.95082740821816	-0.133560343349062	0.8172670648690981	0.817267064869098	-1.1102230246251565e-16	0.712245525739966	-0.0626533293714868	0.6495921963684792	0.578273750262043	-0.07131844610643623	0.356122762869983	-0.41877609224146983	eligible	maintained		maintained	6.8742226508543e-05	0.0245793118744873	0.568643409965523	0.782598738646615	0.0011005403028953	0.017670419561082
COL8A1	Astro	UP	1.53374903839864	22.8050803977322	True	2.12704781992095	0.75630883232276	2.88335665224371	0.0	2.12704781992095	0.75630883232276	2.88335665224371	0.0	0.826726754543974	0.184924190499223	2.03263716098912	2.12704781992095	0.75630883232276	2.8833566522437097	2.88335665224371	4.440892098500626e-16	0.826726754543974	0.184924190499223	1.011650945043197	2.03263716098912	1.020986215945923	0.413363377271987	-0.228439186772764	eligible	maintained		maintained	0.0001716215275414	0.0384452898985273	0.137191707080367	0.374939524080603	5.86370439060666e-07	9.31827826791023e-05
COL26A1	Astro	DOWN	-1.27545892289407	13.1046826169529	True	-1.22170018009004	0.0528748394565175	-1.16882534063352	0.0	-1.22170018009004	0.0528748394565175	-1.16882534063352	0.0	-0.678079723064327	0.0160795387719418	-0.69959231092268	1.22170018009004	-0.0528748394565175	1.1688253406335225	1.16882534063352	-2.4424906541753444e-15	0.678079723064327	-0.0160795387719418	0.6620001842923852	0.69959231092268	0.037592126630294875	0.3390398615321635	-0.35511940030410527	eligible	maintained		maintained	0.0003360232738026	0.0468152422894633	0.884928052706338	0.950468545770708	0.0016500929558885	0.0232249646698221
APOD	Astro	UP	1.83084605925461	130.151660952626	True	1.84419732285044	-0.541970482817765	1.30222684003268	0.0	1.84419732285044	-0.541970482817765	1.30222684003268	2.2204460492503099e-16	0.766495486982668	-0.125122463885655	0.500317263373987	1.84419732285044	-0.541970482817765	1.302226840032675	1.30222684003268	4.884981308350689e-15	0.766495486982668	-0.125122463885655	0.6413730230970129	0.500317263373987	-0.14105575972302598	0.383247743491334	-0.508370207376989	eligible	maintained		maintained	0.0002662143902318	0.044193965692686	0.280687779295126	0.550594882764765	0.0122647770557118	0.0871417154560378
OTOS	Astro	UP	2.27294470544132	7.99436261722643	True	2.27108005122343	-0.864535474319047	1.40654457690438	0.0	2.27108005122343	-0.864535474319047	1.40654457690438	-2.2204460492503099e-16	0.67088814874909	-0.181978657182682	0.347263773788164	2.27108005122343	-0.864535474319047	1.406544576904383	1.40654457690438	-2.886579864025407e-15	0.67088814874909	-0.181978657182682	0.48890949156640795	0.347263773788164	-0.14164571777824397	0.335444074374545	-0.517422731557227	eligible	maintained		maintained	0.0002747360454813	0.044887588053905	0.13294197558713	0.369002773307769	0.0376444261064723	0.171854365590049
KITLG	Astro	UP	0.833644985927399	173.249405951311	True	0.818285830764662	0.718733225456032	1.53701905622069	0.0	0.818285830764662	0.718733225456032	1.53701905622069	2.2204460492503099e-16	0.284425422399556	0.408141898239588	1.33662126948697	0.818285830764662	0.718733225456032	1.537019056220694	1.53701905622069	-3.9968028886505635e-15	0.284425422399556	0.408141898239588	0.6925673206391441	1.33662126948697	0.6440539488478259	0.25	0.15814189823958802	eligible	amplified		amplified	0.0032253485775195	0.144156024283224	0.0083727020596527	0.0774108188615322	6.80406619420806e-08	2.21943864471773e-05
FN1	Astro	DOWN	-1.51092209218737	136.921537604977	True	-1.5802141305875	0.400271979575749	-1.17994215101175	0.0	-1.5802141305875	0.40027197957575	-1.17994215101175	0.0	-0.586729995733366	0.0973867990946635	-0.482056941609669	1.5802141305875	-0.40027197957575	1.1799421510117498	1.17994215101175	2.220446049250313e-16	0.586729995733366	-0.0973867990946635	0.4893431966387025	0.482056941609669	-0.007286255029033517	0.293364997866683	-0.39075179696134654	eligible	maintained		maintained	0.0006600319583256	0.068542366291141	0.392517471335902	0.653743155275164	0.0134997220854576	0.0924835419067474
ANTXR2	Astro	UP	0.668945664071461	149.237694870066	True	0.675356887209866	0.361817770359495	1.03717465756936	0.0	0.675356887209866	0.361817770359495	1.03717465756936	0.0	0.405452839237742	0.22194322631979	0.910968609876031	0.675356887209866	0.361817770359495	1.037174657569361	1.03717465756936	-1.1102230246251565e-15	0.405452839237742	0.22194322631979	0.627396065557532	0.910968609876031	0.283572544318499	0.25	-0.028056773680210007	eligible	maintained		amplified	0.0003983649288306	0.0500459400118091	0.0524070443064101	0.223356920535957	1.58993699165163e-07	4.04954773777791e-05
PAPPA2	Astro	UP	0.667457614526354	62.2851450523303	True	0.679672050238283	-1.07369081846903	-0.394018768230747	0.0	0.679672050238283	-1.07369081846903	-0.394018768230747	0.0	0.242380971124736	-0.857740957660165	-0.204405601989348	0.679672050238283	-1.07369081846903	-0.3940187682307469	-0.394018768230747	-1.1102230246251565e-16	0.242380971124736	-0.857740957660165	-0.615359986535429	-0.204405601989348	0.410954384546081			weak_indeterminate	weak_indeterminate_aging_projection		AD_divergent	0.0039971257727368	0.160565482121657	1.01636828818308e-05	0.0013708083139676	0.124690558186151	0.347407452409366
TAFA1	Astro	DOWN	-1.03040444019477	393.186346890965	True	-1.01670197712781	-0.143833423188722	-1.16053540031653	0.0	-1.01670197712781	-0.143833423188722	-1.16053540031653	0.0	-0.313326831754377	-0.046574272445306	-0.733438099926743	1.01670197712781	0.143833423188722	1.160535400316532	1.16053540031653	-1.9984014443252818e-15	0.313326831754377	0.046574272445306	0.35990110419968296	0.733438099926743	0.37353699572706006	0.25	-0.203425727554694	eligible	maintained		maintained	0.0031252250489602	0.142419875821856	0.678156593467462	0.844555046915886	0.0010451763510693	0.0170017181937296
IL15	Micro	UP	3.1103504579341	37.4830033240337	True	3.09080181568319	0.771277121204043	3.86207893688723	0.0	3.09080181568319	0.771277121204043	3.86207893688723	0.0	2.21736419508534	0.202490498567686	3.22901876111689	3.09080181568319	0.771277121204043	3.862078936887233	3.86207893688723	-3.1086244689504383e-15	2.21736419508534	0.202490498567686	2.419854693653026	3.22901876111689	0.8091640674638638	1.10868209754267	-0.9061915989749841	eligible	maintained		maintained	3.72301002217969e-10	2.33860874543217e-06	0.0184195722824623	0.261203896301261	1.87359883865827e-15	8.87149050104692e-12
GLT1D1	Micro	DOWN	-1.9221717848356	5.4823296537897	True	-1.95938366851987	0.0972145068727395	-1.86216916164713	0.0	-1.95938366851987	0.0972145068727393	-1.86216916164713	2.2204460492503099e-16	-1.2872286247694	0.008818765214939	-1.35918931987285	1.95938366851987	-0.0972145068727393	1.8621691616471308	1.86216916164713	-6.661338147750939e-16	1.2872286247694	-0.008818765214939	1.278409859554461	1.35918931987285	0.0807794603183889	0.6436143123847	-0.652433077599639	eligible	maintained		maintained	3.36057961702503e-05	0.0117274893690793	0.839399248782545	0.962683765698851	0.0001192577478351	0.0065916587859859
NPC2	Micro	UP	1.38665505587777	43.9449717376241	True	1.40642867189506	-0.135425396569685	1.27100327532538	0.0	1.40642867189506	-0.135425396569685	1.27100327532538	-2.2204460492503099e-16	1.18244828160528	-0.027929050605619	1.07546188235497	1.40642867189506	-0.135425396569685	1.271003275325375	1.27100327532538	4.884981308350689e-15	1.18244828160528	-0.027929050605619	1.154519230999661	1.07546188235497	-0.07905734864469105	0.59122414080264	-0.619153191408259	eligible	maintained		maintained	1.75694214495258e-06	0.0017087150893081	0.574364189968133	0.885734568329703	1.48447403378995e-05	0.0015391936970792
APOC1	Micro	UP	1.89977975958699	71.9025289135162	True	1.9364635670596	0.552404083901082	2.48886765096069	0.0	1.9364635670596	0.552404083901082	2.48886765096069	0.0	1.32634893206429	0.0762113209011173	2.07889747075544	1.9364635670596	0.552404083901082	2.4888676509606817	2.48886765096069	8.43769498715119e-15	1.32634893206429	0.0762113209011173	1.4025602529654073	2.07889747075544	0.6763372177900326	0.663174466032145	-0.5869631451310278	eligible	maintained		maintained	2.03038884268275e-05	0.009447324085416	0.165376571260264	0.608967669870191	3.72610597015142e-08	2.11717341224004e-05
LGALS9	Micro	UP	1.05537385248213	38.1946728043692	True	1.10501755452804	0.0333156992304067	1.13833325375845	0.0	1.10501755452804	0.0333156992304068	1.13833325375845	-2.2204460492503099e-16	0.914260297031991	0.0081044710071015	0.984241749185806	1.10501755452804	0.0333156992304068	1.138333253758447	1.13833325375845	3.1086244689504383e-15	0.914260297031991	0.0081044710071015	0.9223647680390925	0.984241749185806	0.06187698114671347	0.4571301485159955	-0.449025677508894	eligible	maintained		maintained	1.5387919339397e-05	0.0084051491591671	0.866597823767396	0.968401542398166	6.34003244810202e-06	0.000897649556522
SERPINE1	Micro	UP	4.12531249585369	26.547646713781	True	4.22180095023136	0.891991990817179	5.11379294104854	0.0	4.22180095023136	0.891991990817179	5.11379294104854	0.0	1.20743390055891	0.0517101858277824	3.02032341914948	4.22180095023136	0.891991990817179	5.113792941048539	5.11379294104854	8.881784197001252e-16	1.20743390055891	0.0517101858277824	1.2591440863866925	3.02032341914948	1.7611793327627874	0.603716950279455	-0.5520067644516726	eligible	maintained		maintained	1.89646436020676e-05	0.009447324085416	0.219821752351611	0.671711035039717	1.48177755928283e-07	5.23431701718229e-05
LIPG	Micro	UP	2.59731745957228	9.43182473878756	True	2.81787646745906	-0.756084399552698	2.06179206790636	0.0	2.81787646745906	-0.756084399552698	2.06179206790636	0.0	1.36500782415179	-0.0955500535594471	0.990919926338144	2.81787646745906	-0.756084399552698	2.061792067906362	2.06179206790636	-1.7763568394002505e-15	1.36500782415179	-0.0955500535594471	1.2694577705923429	0.990919926338144	-0.2785378442541989	0.682503912075895	-0.7780539656353421	eligible	maintained		maintained	2.55886219310027e-05	0.0102403866023752	0.0975397184687699	0.505800694299115	0.0017166381150641	0.0371095348198944
SPON1	Micro	UP	2.1533314778843	62.0290501686375	True	2.1093423414764	0.725153406314117	2.83449574779051	0.0	2.1093423414764	0.725153406314117	2.83449574779051	4.44089209850063e-16	0.927184322195163	0.0696451418687575	2.1062075621935	2.1093423414764	0.725153406314117	2.834495747790517	2.83449574779051	-7.105427357601002e-15	0.927184322195163	0.0696451418687575	0.9968294640639205	2.1062075621935	1.1093780981295795	0.4635921610975815	-0.393947019228824	eligible	maintained		maintained	0.0003772672044901	0.0423179275893708	0.16666159164266	0.610955558078708	1.57832909536273e-06	0.0003249299246322
ASAH1	Micro	UP	0.856175618491941	124.153185091724	True	0.867785977186291	0.247041267059862	1.11482724424615	0.0	0.867785977186291	0.247041267059862	1.11482724424615	0.0	0.704995297753429	0.0748938052620044	1.01134853275004	0.867785977186291	0.247041267059862	1.114827244246153	1.11482724424615	-3.1086244689504383e-15	0.704995297753429	0.0748938052620044	0.7798891030154333	1.01134853275004	0.23145942973460665	0.3524976488767145	-0.2776038436147101	eligible	maintained		maintained	4.0210270214519e-05	0.0128194465293437	0.185155048284624	0.634190741278638	1.308590874863e-07	4.89171930984971e-05
CYTL1	Micro	UP	1.59881962995121	21.671585730953	True	1.59311272567635	-0.363928381514262	1.22918434416209	0.0	1.59311272567635	-0.363928381514262	1.22918434416209	0.0	0.930468764582445	-0.05044742572015	0.626428723932596	1.59311272567635	-0.363928381514262	1.229184344162088	1.22918434416209	1.9984014443252818e-15	0.930468764582445	-0.05044742572015	0.8800213388622949	0.626428723932596	-0.253592614929699	0.4652343822912225	-0.5156818080113725	eligible	maintained		maintained	0.0003474747552967	0.0417564381147297	0.321381670108523	0.750282970998165	0.0056213800059305	0.0752794885358622
LUZP2	Micro	DOWN	-1.93394739586832	12.5819468668859	True	-2.05287318581166	0.240861697703504	-1.81201148810815	0.0	-2.05287318581166	0.240861697703504	-1.81201148810815	2.2204460492503099e-16	-1.4176097444709	0.0234097546226656	-1.32905853740636	2.05287318581166	-0.240861697703504	1.8120114881081557	1.81201148810815	-5.773159728050814e-15	1.4176097444709	-0.0234097546226656	1.3941999898482342	1.32905853740636	-0.0651414524418743	0.70880487223545	-0.7322146268581156	eligible	maintained		maintained	9.42742941636695e-06	0.0065448983842136	0.602147487568066	0.895018648954019	0.0001260037828057	0.006790660261726
APOE	Micro	UP	1.12142528562379	278.21090300392	True	1.11974424906643	0.206416349566801	1.32616059863323	0.0	1.11974424906643	0.206416349566801	1.32616059863323	0.0	0.691130682020296	0.0321464194521241	1.05397566077709	1.11974424906643	0.206416349566801	1.326160598633231	1.32616059863323	-8.881784197001252e-16	0.691130682020296	0.0321464194521241	0.7232771014724202	1.05397566077709	0.33069855930466985	0.345565341010148	-0.3134189215580239	eligible	maintained		maintained	0.0008162522867777	0.0584148682862826	0.514630680734257	0.857760526892565	8.60564581489024e-05	0.0053615438070401
PRSS3	Endo	DOWN	-2.56405170214645	6.09598106171318	True	-2.56142169871658	1.17377130495373	-1.38765039376285	0.0	-2.56142169871658	1.17377130495373	-1.38765039376285	0.0	-2.27036407009935	0.0588192847422589	-0.244432110674468	2.56142169871658	-1.17377130495373	1.38765039376285	1.38765039376285	0.0	2.27036407009935	-0.0588192847422589	2.2115447853570913	0.244432110674468	-1.9671126746826233	1.135182035049675	-1.194001319791934	eligible	maintained		maintained	4.56553646672602e-08	0.0002127996547141	0.0343627140653399	0.912498137571731	0.0065422352683416	0.278225550906263
APOD	Endo	UP	3.24950210997951	132.4646398276	True	3.2425167956802	0.425648001462456	3.66816479714266	0.0	3.2425167956802	0.425648001462456	3.66816479714266	0.0	1.95871097300534	0.0125971175990885	2.47546922892881	3.2425167956802	0.425648001462456	3.6681647971426563	3.66816479714266	3.552713678800501e-15	1.95871097300534	0.0125971175990885	1.9713080906044285	2.47546922892881	0.5041611383243816	0.97935548650267	-0.9667583689035815	eligible	maintained		maintained	6.73871484878747e-06	0.0083620512771312	0.552381386826423	0.999912670487749	1.26491887996852e-06	0.0029869794431576
PLAT	Endo	DOWN	-1.81225235430244	22.3720479244077	True	-1.79719627130372	0.441888088474282	-1.35530818282944	0.0	-1.79719627130372	0.441888088474282	-1.35530818282944	0.0	-1.30827789057322	0.0342419031603169	-0.398456640161856	1.79719627130372	-0.441888088474282	1.355308182829438	1.35530818282944	1.9984014443252818e-15	1.30827789057322	-0.0342419031603169	1.274035987412903	0.398456640161856	-0.875579347251047	0.65413894528661	-0.6883808484469269	eligible	maintained		maintained	3.66697499422044e-06	0.0061055941336427	0.301012420243728	0.999912670487749	0.0012486364146844	0.14521582967038
KDR	Endo	DOWN	-1.36106077136744	19.1316606797822	True	-1.31890907573302	-0.415300105599421	-1.73420918133244	0.0	-1.31890907573302	-0.415300105599421	-1.73420918133244	0.0	-0.761681769747216	-0.04326628406762	-1.43765662004663	1.31890907573302	0.415300105599421	1.734209181332441	1.73420918133244	-8.881784197001252e-16	0.761681769747216	0.04326628406762	0.804948053814836	1.43765662004663	0.6327085662317941	0.380840884873608	-0.337574600805988	eligible	maintained		maintained	1.47432199826076e-05	0.0127680513206953	0.250654282686546	0.999912670487749	1.00061138610537e-06	0.0029535546589365
LAMA4	Endo	DOWN	-1.08048787202753	49.3982772155727	True	-1.05118468034682	0.162252929979105	-0.88893175036772	0.0	-1.05118468034682	0.162252929979105	-0.88893175036772	0.0	-0.553890664447476	0.0239058986409598	-0.323668174891525	1.05118468034682	-0.162252929979105	0.8889317503677151	0.88893175036772	4.884981308350689e-15	0.553890664447476	-0.0239058986409598	0.5299847658065162	0.323668174891525	-0.20631659091499122	0.276945332223738	-0.30085123086469784	eligible	maintained		maintained	8.25960141959582e-05	0.0398255195345546	0.574415252746217	0.999912670487749	0.0021482862971475	0.187603811800551
KITLG	Endo	DOWN	-1.77916457882337	27.7776211176774	True	-1.72040560483935	-0.356649049777849	-2.0770546546172	0.0	-1.72040560483935	-0.356649049777849	-2.0770546546172	0.0	-0.379728209733587	-0.0178784471968236	-0.860131972556781	1.72040560483935	0.356649049777849	2.077054654617199	2.0770546546172	8.881784197001252e-16	0.379728209733587	0.0178784471968236	0.3976066569304106	0.860131972556781	0.4625253156263704	0.25	-0.2321215528031764	eligible	maintained		maintained	0.0005589710481296	0.156321843319945	0.509661984864907	0.999912670487749	0.0001353039493445	0.0447426117713332
EFEMP1	Endo	UP	2.82170954139321	8.55375305852702	True	2.84716893878669	-1.22085352931607	1.62631540947063	0.0	2.84716893878669	-1.22085352931607	1.62631540947063	-2.2204460492503099e-16	0.350042315551669	-0.0309320033020689	0.094393955585825	2.84716893878669	-1.22085352931607	1.62631540947062	1.62631540947063	9.992007221626409e-15	0.350042315551669	-0.0309320033020689	0.31911031224960007	0.094393955585825	-0.22471635666377507	0.25	-0.2809320033020689	eligible	maintained		maintained	0.0004755362231679	0.144552674099085	0.119017300968838	0.999912670487749	0.061833170921202	0.541497003325939
DKK2	Endo	UP	4.44937271474559	4.7274238488081	True	4.30527174971852	-0.425210829918732	3.88006091979979	0.0	4.30527174971852	-0.425210829918732	3.88006091979979	-4.44089209850063e-16	1.37974424014863	-0.0095889293962407	0.423265965835153	4.30527174971852	-0.425210829918732	3.8800609197997877	3.88006091979979	2.220446049250313e-15	1.37974424014863	-0.0095889293962407	1.3701553107523892	0.423265965835153	-0.9468893449172362	0.689872120074315	-0.6994610494705557	eligible	maintained		maintained	1.63136733716293e-05	0.0127680513206953	0.606518056249088	0.999912670487749	0.000342745216094	0.0729991473414927
MMP28	Endo	DOWN	-1.6672610396334	6.28715056684067	True	-1.60441332068106	0.816271241980135	-0.788142078700926	0.0	-1.60441332068106	0.816271241980135	-0.788142078700926	2.2204460492503099e-16	-0.489891775566432	0.0480597089461604	-0.115286548366172	1.60441332068106	-0.816271241980135	0.788142078700925	0.788142078700926	9.992007221626409e-16	0.489891775566432	-0.0480597089461604	0.4418320666202716	0.115286548366172	-0.3265455182540996	0.25	-0.2980597089461604	eligible	maintained		AD_attenuated	0.0002681390775415	0.0976133902845891	0.104641445096822	0.999912670487749	0.102002738353157	0.620797078214289
APP	Endo	DOWN	-0.618694110636891	158.17824287087	True	-0.592150156044582	0.175865617386812	-0.41628453865777	0.0	-0.592150156044582	0.175865617386812	-0.41628453865777	5.55111512312578e-17	-0.464851619750233	0.0637885024484619	-0.253436310533872	0.592150156044582	-0.175865617386812	0.41628453865777	0.41628453865777	0.0	0.464851619750233	-0.0637885024484619	0.4010631173017711	0.253436310533872	-0.14762680676789908	0.25	-0.3137885024484619	eligible	maintained		maintained	3.21416767136786e-05	0.0204289575221531	0.248340348925317	0.999912670487749	0.0069642899573618	0.278225550906263
EDN3	Endo	DOWN	-1.79888953257513	7.47253606430379	True	-1.74554131537288	-0.680891678103455	-2.42643299347633	0.0	-1.74554131537288	-0.680891678103455	-2.42643299347633	-4.44089209850063e-16	-0.166537331586958	-0.0201968551263168	-0.501557689968551	1.74554131537288	0.680891678103455	2.426432993476335	2.42643299347633	-5.329070518200751e-15	0.166537331586958	0.0201968551263168	0.1867341867132748	0.501557689968551	0.3148235032552762			weak_indeterminate	weak_indeterminate_aging_projection		maintained	0.0041010197504418	0.295682171244755	0.342319548379182	0.999912670487749	0.0005739547584878	0.0911452021522151
AZGP1	OPC	UP	2.92271829236478	15.3885206729519	True	2.96962456140256	-0.372824762651438	2.59679979875112	0.0	2.96962456140256	-0.372824762651439	2.59679979875112	0.0	1.93307101816426	-0.0312861388269471	1.51420487140348	2.96962456140256	-0.372824762651439	2.596799798751121	2.59679979875112	-8.881784197001252e-16	1.93307101816426	-0.0312861388269471	1.9017848793373129	1.51420487140348	-0.38758000793383296	0.96653550908213	-0.9978216479090771	eligible	maintained		maintained	3.83341104496815e-07	0.000871498619566	0.474083162876394	0.789185417914752	1.23553438949689e-05	0.0017977025367179
FGF13	OPC	DOWN	-1.27555360187601	52.4557129910668	True	-1.29815237017332	-0.218064478445509	-1.51621684861883	0.0	-1.29815237017332	-0.218064478445509	-1.51621684861883	0.0	-0.820260673650771	-0.0344324915253957	-1.14208671475531	1.29815237017332	0.218064478445509	1.516216848618829	1.51621684861883	1.1102230246251565e-15	0.820260673650771	0.0344324915253957	0.8546931651761668	1.14208671475531	0.2873935495791432	0.4101303368253855	-0.37569784529998984	eligible	maintained		maintained	5.7038124496111e-05	0.0221863705250239	0.51193282020162	0.808062042079535	5.86863225265974e-06	0.0010846659908057
COL4A2	OPC	UP	1.61981406258547	23.6362445296908	True	1.63647400087144	0.285274245084796	1.92174824595624	0.0	1.63647400087144	0.285274245084796	1.92174824595624	0.0	0.755751117452271	0.0360350124301854	1.36377507820919	1.63647400087144	0.285274245084796	1.921748245956236	1.92174824595624	3.9968028886505635e-15	0.755751117452271	0.0360350124301854	0.7917861298824563	1.36377507820919	0.5719889483267336	0.3778755587261355	-0.34184054629595007	eligible	maintained		maintained	9.67338619214441e-05	0.0259264595697534	0.467906290907511	0.785308474879431	6.58348095256472e-06	0.0011645144353864
FSTL5	OPC	DOWN	-1.63480485473599	10.7812444894397	True	-1.58616899188586	0.627733791116927	-0.958435200768933	0.0	-1.58616899188586	0.627733791116927	-0.958435200768933	2.2204460492503099e-16	-0.724309523340772	0.0775521326806412	-0.203611113227455	1.58616899188586	-0.627733791116927	0.958435200768933	0.958435200768933	0.0	0.724309523340772	-0.0775521326806412	0.6467573906601308	0.203611113227455	-0.4431462774326758	0.362154761670386	-0.4397068943510272	eligible	maintained		maintained	0.0001160488285188	0.0297871138233833	0.14544383659024	0.52918863497601	0.0202343195239384	0.22338477142561
NID2	OPC	DOWN	-1.76773921562922	8.75281982257652	True	-1.71739138977977	-0.687327161960901	-2.40471855174068	0.0	-1.71739138977977	-0.687327161960901	-2.40471855174068	0.0	-0.233171156337937	-0.048780093810644	-1.22645653447049	1.71739138977977	0.687327161960901	2.404718551740671	2.40471855174068	9.325873406851315e-15	0.233171156337937	0.048780093810644	0.281951250148581	1.22645653447049	0.944505284321909			weak_indeterminate	weak_indeterminate_aging_projection		maintained	0.00152163663914	0.144011867903156	0.250532536655857	0.637916269646175	4.22951094522149e-05	0.0043169418804324
ADAMTSL3	OPC	DOWN	-1.3071424343619	12.0540958825551	True	-1.29807015186904	0.549555557432604	-0.748514594436436	0.0	-1.29807015186904	0.549555557432604	-0.748514594436436	1.11022302462516e-16	-0.813776376504455	0.0976312232502633	-0.20910957840209	1.29807015186904	-0.549555557432604	0.7485145944364361	0.748514594436436	-1.1102230246251565e-16	0.813776376504455	-0.0976312232502633	0.7161451532541917	0.20910957840209	-0.5070355748521017	0.4068881882522275	-0.5045194115024908	eligible	maintained		maintained	6.02030541688392e-05	0.0223418108162617	0.106190514640285	0.475383463955433	0.0201830185939862	0.223155331697614
CD74	Oligo	UP	2.21334775397749	30.5904088179312	True	2.19026015640946	-1.48175599138058	0.708504165028876	-1.11022302462516e-16	2.19026015640946	-1.48175599138058	0.708504165028876	1.11022302462516e-16	1.78494036082349	-0.87922955761335	0.225353924951836	2.19026015640946	-1.48175599138058	0.7085041650288799	0.708504165028876	-3.885780586188048e-15	1.78494036082349	-0.87922955761335	0.90571080321014	0.225353924951836	-0.6803568782583039	0.892470180411745	-1.771699738025095	eligible	maintained		AD_attenuated	6.63888289020496e-08	0.0003956699918651	0.0001212718459695	0.0057599579518136	0.094094946921333	0.289240060181724
EPHA3	Oligo	UP	2.27322048668519	125.910754310121	True	2.22845919312189	-0.274415664926021	1.95404352819587	0.0	2.22845919312189	-0.274415664926021	1.95404352819587	0.0	1.64405906295705	-0.0652370653819233	1.22183738544381	2.22845919312189	-0.274415664926021	1.954043528195869	1.95404352819587	8.881784197001252e-16	1.64405906295705	-0.0652370653819233	1.5788219975751268	1.22183738544381	-0.3569846121313167	0.822029531478525	-0.8872665968604483	eligible	maintained		maintained	2.30638797685959e-06	0.0050263881975693	0.548304636152387	0.751191125535834	4.73004433354647e-05	0.0020548590130313
PTPRR	Oligo	DOWN	-1.42249983854314	26.0431629204285	True	-1.40793435368738	0.868568630307531	-0.539365723379852	0.0	-1.40793435368738	0.868568630307531	-0.539365723379852	0.0	-1.09408909403163	0.438192298999999	-0.219368478617154	1.40793435368738	-0.868568630307531	0.5393657233798491	0.539365723379852	2.886579864025407e-15	1.09408909403163	-0.438192298999999	0.6558967950316309	0.219368478617154	-0.43652831641447687	0.547044547015815	-0.985236846015814	eligible	maintained		AD_attenuated	1.76986266960361e-05	0.0192856035564473	0.0083534857632179	0.0716782971940641	0.0970785809579416	0.29504867289497
VSTM4	Oligo	DOWN	-0.770407661181278	87.4195198265247	True	-0.768334208414153	-0.0146824003283265	-0.78301660874248	0.0	-0.768334208414153	-0.0146824003283265	-0.78301660874248	1.11022302462516e-16	-0.63577776349597	-0.0077961730267655	-0.636880510108334	0.768334208414153	0.0146824003283265	0.7830166087424795	0.78301660874248	5.551115123125783e-16	0.63577776349597	0.0077961730267655	0.6435739365227355	0.636880510108334	-0.006693426414401515	0.317888881747985	-0.3100927087212195	eligible	maintained		maintained	2.04358942616315e-05	0.020041481502382	0.93559809940193	0.971085007286516	2.23706606944327e-05	0.0012308496359004
ECM2	Oligo	UP	1.28847610020962	17.9678996284683	True	1.31484921263876	-0.399066831695396	0.915782380943366	0.0	1.31484921263876	-0.399066831695396	0.915782380943366	-1.11022302462516e-16	1.0848920645081	-0.181041374919732	0.542908905632737	1.31484921263876	-0.399066831695396	0.9157823809433641	0.915782380943366	1.887379141862766e-15	1.0848920645081	-0.181041374919732	0.903850689588368	0.542908905632737	-0.36094178395563103	0.54244603225405	-0.723487407173782	eligible	maintained		maintained	8.03375869548542e-06	0.0143249220957501	0.129880773925458	0.338507194220098	0.002408476934552	0.0287179724866909
