Gene	"Gene synonym"
A1BG	
A2M	"CPAMD5, FWP007, S863-7"
A2ML1	"CPAMD9, FLJ25179, p170"
AADACL2	MGC72001
ABHD15	
ABI3BP	"DKFZP586L2024, NESHBP, TARSH"
ABO	"A3GALNT, A3GALT1"
ACAN	"AGC1, CSPG1, CSPGCP, MSK16"
ACE	"ACE1, CD143, DCP1"
ACE2	ACEH
ACP3	"ACP-3, ACPP, PAP, TM-PAP"
ACP7	"FLJ16165, PAPL, PAPL1"
ACR	
ACRBP	"CT23, OY-TES-1, SP32"
ACRV1	"D11S4365, SP-10, SPACA2"
ADA2	"ADGF, CECR1, IDGFL"
ADAM12	"MCMPMltna, MLTN"
ADAM23	MDC3
ADAM28	"ADAM23, eMDCII, MDC-Lm, MDC-Ls"
ADAM9	"CORD9, KIAA0021, MCMP, MDC9, Mltng"
ADAMDEC1	M12.219
ADAMTS1	"C3-C5, KIAA1346, METH1"
ADAMTS10	ADAM-TS10
ADAMTS12	
ADAMTS13	"C9orf8, DKFZp434C2322, FLJ42993, MGC118899, MGC118900, TTP, vWF-CP, VWFCP"
ADAMTS14	
ADAMTS15	
ADAMTS16	ADAMTS16s
ADAMTS17	"FLJ16363, FLJ32769"
ADAMTS18	ADAMTS21
ADAMTS19	
ADAMTS2	"ADAM-TS2, ADAMTS-3, hPCPNI, NPI, PCINP"
ADAMTS20	GON-1
ADAMTS3	"ADAMTS-4, KIAA0366"
ADAMTS4	"ADAMTS-2, ADMP-1, KIAA0688"
ADAMTS5	"ADAMTS11, ADMP-2"
ADAMTS6	ADAM-TS6
ADAMTS7	"ADAM-TS7, DKFZp434H204"
ADAMTS8	"ADAM-TS8, FLJ41712, METH2"
ADAMTS9	KIAA1312
ADAMTSL1	"ADAMTSR1, C9orf94, FLJ35283"
ADAMTSL2	KIAA0605
ADAMTSL3	"KIAA1233, punctin-2"
ADAMTSL4	"DKFZP434K1772, TSRC1"
ADAMTSL5	THSD6
ADCYAP1	PACAP
ADGRB1	BAI1
ADGRE3	EMR3
ADGRE5	"CD97, TM7LN1"
ADGRF1	"GPR110, hGPCR36, PGR19"
ADGRG1	"GPR56, TM7LN4, TM7XN1"
ADIPOQ	"ACDC, ACRP30, adiponectin, apM1, GBP28"
ADM	AM
ADM2	"AM2, FLJ21135"
ADM5	"AM5, C19orf76"
AEBP1	ACLP
AFM	"ALB2, ALBA"
AFP	"FETA, HPAFP"
AGER	"RAGE, SCARJ1, sRAGE"
AGGF1	"FLJ10283, GPATC7, GPATCH7, HSU84971, VG5Q"
AGRN	AGRIN
AGRP	"Agrt, ART, ASIP2"
AGT	SERPINA8
AHSG	"A2HS, FETUA, HSGA"
AIMP1	"EMAP-2, EMAPII, p43, SCYE1"
AKR1B10	"AKR1B11, AKR1B12, ALDRLn, ARL-1, ARL1, HIS, HSI"
ALB	
ALCAM	"CD166, MEMD"
ALKAL1	"AUGB, FAM150A, UNQ9433"
ALKAL2	"AUGA, FAM150B"
AMBN	
AMBP	"EDC1, HCP, HI30, IATIL, ITI, ITIL, ITILC, UTI"
AMELX	"AIH1, AMG"
AMELY	AMGL
AMH	"MIF, MIS"
AMN	amnionless
AMTN	"RSTI689, UNQ689"
AMY1A	AMY1
AMY1B	AMY1
AMY1C	AMY1
AMY2A	AMY2
AMY2B	AMY2
ANG	"RAA1, RNASE5"
ANGPT1	"AGPT-1, Ang1, KIAA0003"
ANGPT2	Ang2
ANGPT4	
ANGPTL1	"ANG3, ANGPT3, AngY, ARP1"
ANGPTL2	"ARP2, HARP"
ANGPTL3	ANGPT5
ANGPTL4	"ARP4, FIAF, HFARP, NL2, PGAR, pp1158"
ANGPTL5	
ANGPTL6	"AGF, ARP5"
ANGPTL7	"AngX, CDT6"
ANGPTL8	"C19orf80, RIFL, TD26"
ANOS1	"ADMLX, KAL, KAL1, KALIG-1, WFDC19"
ANXA1	"ANX1, LPC1"
ANXA2	"ANX2, ANX2L4, CAL1H, LIP2, LPC2D"
AOAH	
AOC1	"ABP, ABP1, DAO"
APCS	"MGC88159, PTX2, SAP"
APELA	"ELA, Ende, tdl"
APLN	"apelin, XNPEP2"
APOA1	
APOA2	
APOA4	
APOA5	"APOA-V, RAP3"
APOB	
APOC1	
APOC2	
APOC3	"Apo-C3, Apo-CIII, ApoC-3, ApoC-III, APOCIII"
APOC4	
APOD	Apo-D
APOE	AD2
APOF	
APOH	"B2G1, BG"
APOL1	APOL
APOL4	APOLIV
APOM	"Apo-M, G3a, NG20"
APOO	"FAM121B, MGC4825, Mic23, MIC26, MICOS26, My025"
APP	"AD1, alpha-sAPP"
ARSF	ASF
ARSI	"FLJ16069, SPG66"
ARSJ	FLJ23548
ARSK	"DKFZp313G1735, TSULF"
ART4	"ARTC4, CD297, DO, DOK1"
ART5	ARTC5
ARTN	"ENOVIN, EVN, NBN"
ASGR1	CLEC4H1
ASIP	"AGTIL, ASP"
ASPN	"FLJ20129, PLAP-1, SLRR1C"
ATRN	"DPPT-L, MGCA"
AVP	"ADH, ARVP"
AZGP1	"ZA2G, ZAG"
AZU1	"AZAMP, AZU, CAP37, HBP, HUMAZUR, NAZC"
B2M	
B3GAT1	"CD57, GlcAT-P, HNK-1, LEU7, NK-1"
BCAN	"BEHAB, CSPG7, MGC13038"
BCHE	"CHE1, CHE2, E1"
BDNF	
BGLAP	OCN
BGN	"DSPG1, SLRR1A"
BMP1	"BMP-1, PCOLC"
BMP10	
BMP15	GDF9B
BMP2	BMP2A
BMP3	
BMP4	BMP2B
BMP5	
BMP6	"VGR, VGR1"
BMP7	OP-1
BMP8A	OP-2
BMP8B	"BMP8, OP-2"
BMPER	"CRIM3, Cv2"
BPI	BPIFD1
BPIFA1	"bA49G10.5, LUNX, PLUNC, SPLUNC1"
BPIFA2	"bA49G10.1, C20orf70, PSP, SPLUNC2"
BPIFA3	"bA49G10.4, C20orf71, SPLUNC3"
BPIFB1	"bA49G10.6, C20orf114, dJ1187J4.1, LPLUNC1, MGC14597, VEMSGP"
BPIFB2	"BPIL1, C20orf184, dJ726C3.2, LPLUNC2"
BPIFB3	"C20orf185, dJ726C3.4, LPLUNC3, RYA3"
BPIFB4	"C20orf186, dJ726C3.5, LPLUNC4"
BPIFB6	"BPIL3, LPLUNC6"
BPIFC	"BPIL2, dJ149A16.7"
BRINP2	"DBCCR1L2, FAM5B"
BRINP3	"DBCCR1L, DBCCR1L1, FAM5C"
BSPH1	"BSP1, ELSPBP2"
BTBD17	"BTBD17A, LGALS3BPL, TANGO10A"
BTC	
BTD	
BTLA	"BTLA1, CD272"
C14orf93	"FLJ12154, RTFC"
C15orf61	LOC145853
C16orf89	MGC45438
C17orf67	
C17orf99	"GLPG464, UNQ464"
C18orf54	"LAS2, MGC33382"
C1orf54	FLJ23221
C1orf56	"FLJ20519, MENT"
C1QA	
C1QB	
C1QBP	"gC1Q-R, gC1qR, HABP1, p32, SF2p32"
C1QC	C1QG
C1QL1	"C1QRF, C1QTNF14, CRF, CTRP14"
C1QL2	"C1QTNF10, CTRP10"
C1QL3	"C1ql, C1QTNF13, CTRP13, K100"
C1QL4	"C1QTNF11, CTRP11"
C1QTNF1	"CTRP1, FLJ90694, GIP, ZSIG37"
C1QTNF12	"ADIPOLIN, C1QDC2, CTRP12, FAM132A, MGC105127"
C1QTNF2	CTRP2
C1QTNF3	"2310005P21Rik, Corcs, Cors, Cors-26, CTRP3"
C1QTNF4	"CTRP4, ZACRP4"
C1QTNF5	"CTRP5, DKFZp586B0621, LORD"
C1QTNF6	"CTRP6, ZACRP6"
C1QTNF7	CTRP7
C1QTNF8	"CTRP8, UNQ5829"
C1QTNF9	"AQL1, C1QTNF9A, CTRP9, MGC48915"
C1QTNF9B	CTRP9B
C1RL	"C1r-LP, C1RL1"
C1S	
C2	
C20orf27	FLJ20550
C21orf62	"B37, C21orf120, PRED81"
C2orf66	UNQ6411
C3	"ARMD9, C3a, C3b, CPAMD1"
C3orf33	"AC3-33, FLJ31139"
C4A	"C4, C4A2, C4A3, C4A4, C4A6, C4B, C4S, CO4, CPAMD2, RG"
C4B	"C4B1, C4B3, C4F, CH, CO4, CPAMD3"
C4BPA	C4BP
C4BPB	C4BP
C4orf48	
C5	"C5a, C5b, CPAMD4"
C5orf46	"AP-64, MGC23985, SSSP1"
C6	
C6orf120	bA160E12.4
C6orf15	STG
C6orf58	LEG1
C7	
C8A	
C8B	
C8G	
C9	
CA10	"CA-RPX, CARPX, HUCEP-15"
CA11	"CARP2, CARPX1"
CA6	
CALCA	"CALC1, CGRP, CGRP-alpha"
CALCB	"CALC2, CGRP-II, FLJ30166"
CAMP	"CAP18, FALL-39, FALL39, LL37"
CARTPT	CART
CATSPERG	"C19orf15, DKFZp434A1022, FLJ46353"
CBLIF	"GIF, IF, IFMH, INF, TCN3"
CBLN1	
CBLN2	
CBLN3	
CBLN4	"CBLNL1, dJ885A10.1"
CCBE1	"FLJ30681, KIAA1983"
CCDC126	FLJ23031
CCDC134	FLJ22349
CCDC3	DKFZp761F241
CCDC80	"CL2, DRO1, LINC01279, SSG1, TCONS_00006930, URB"
CCER2	
CCK	
CCL1	"I-309, P500, SCYA1, SISe, TCA3"
CCL11	"eotaxin, MGC22554, SCYA11"
CCL13	"CKb10, MCP-4, MGC17134, NCC-1, SCYA13, SCYL1"
CCL14	"CKb1, HCC-1, HCC-3, MCIF, NCC-2, SCYA14, SCYL2"
CCL15	"HCC-2, HMRP-2B, Lkn-1, MIP-1d, MIP-5, NCC-3, SCYA15, SCYL3"
CCL16	"CKb12, HCC-4, LCC-1, LEC, LMC, Mtn-1, NCC-4, SCYA16, SCYL4"
CCL17	"ABCD-2, SCYA17, TARC"
CCL18	"AMAC-1, CKb7, DC-CK1, DCCK1, MIP-4, PARC, SCYA18"
CCL19	"CKb11, ELC, exodus-3, MIP-3b, SCYA19"
CCL2	"GDCF-2, HC11, MCAF, MCP-1, MCP1, MGC9434, SCYA2, SMC-CF"
CCL20	"CKb4, exodus-1, LARC, MIP-3a, SCYA20, ST38"
CCL21	"6Ckine, CKb9, ECL, exodus-2, SCYA21, SLC, TCA4"
CCL22	"A-152E5.1, ABCD-1, DC/B-CK, MDC, MGC34554, SCYA22, STCP-1"
CCL23	"Ckb-8, CKb8, MIP-3, MPIF-1, SCYA23"
CCL24	"Ckb-6, eotaxin-2, MPIF-2, MPIF2, SCYA24"
CCL25	"Ckb15, SCYA25, TECK"
CCL26	"eotaxin-3, IMAC, MIP-4a, MIP-4alpha, SCYA26, TSC-1"
CCL27	"ALP, CTACK, CTAK, ESkine, ILC, PESKY, SCYA27, skinkine"
CCL28	"CCK1, MEC, SCYA28"
CCL3	"G0S19-1, LD78ALPHA, MIP-1-alpha, SCYA3"
CCL3L1	"CCL3L3, D17S1718, G0S19-2, LD78BETA, MGC12815, SCYA3L, SCYA3L1"
CCL4	"Act-2, AT744.1, LAG1, MIP-1-beta, SCYA4"
CCL4L2	
CCL5	"D17S136E, MGC17164, RANTES, SCYA5, SISd, TCP228"
CCL7	"FIC, MARC, MCP-3, MCP3, NC28, SCYA6, SCYA7"
CCL8	"HC14, MCP-2, SCYA8"
CCN1	"CYR61, GIG1, IGFBP10"
CCN2	"CTGF, IGFBP8"
CCN3	"IGFBP9, NOV"
CCN4	"WISP-1, WISP1, WISP1-OT1, WISP1-UT1"
CCN5	"CT58, CTGF-L, WISP-2, WISP2"
CCN6	"WISP-3, WISP3"
CD14	
CD160	"BY55, NK1, NK28"
CD163	"M130, MM130, SCARI1"
CD274	"B7-H, B7-H1, B7H1, PD-L1, PDCD1LG1, PDL1"
CD300H	
CD40	"Bp50, p50, TNFRSF5"
CD40LG	"CD154, CD40-L, CD40L, gp39, hCD40L, HIGM1, IMD3, T-BAM, TNFSF5, TRAP"
CD44	"CD44R, CSPG8, HCELL, IN, MC56, MDU2, MDU3, MIC4, Pgp1"
CD48	"BCM1, BLAST, hCD48, mCD48, SLAMF2"
CD55	"CR, CROM, DAF, TC"
CD5L	"API6, Spalpha"
CD6	Tp120
CD74	"CLIP, DHLAG"
CD99L2	"CD99B, MIC2L1"
CDCP2	
CDNF	ARMETL1
CDSN	D6S586E
CEACAM16	DFNA4B
CEL	"BSSL, MODY8"
CELA1	ELA1
CELA2A	ELA2A
CELA2B	"ELA2B, RP11-265F14.2"
CELA3A	"ELA3, ELA3A"
CELA3B	"CBPP, ELA3B"
CEMIP	"HYBID, IR2155535, KIAA1199, TMEM2L"
CER1	DAND4
CES4A	"CES8, FLJ37464"
CES5A	"CAUXIN, CES4C1, CES5, CES7, FLJ31547"
CETP	BPIFF
CFB	"BF, BFD, H2-Bf"
CFC1	"CRYPTIC, HTX2"
CFC1B	
CFD	"ADN, DF, PFD"
CFH	"ARMD4, ARMS1, FHL1, HF, HF1, HF2, HUS"
CFHR1	"CFHL, CFHL1, CFHL1P, CFHR1P, FHR1, H36-1, H36-2, HFL1, HFL2"
CFHR2	"CFHL2, FHR2, HFL3"
CFHR3	"CFHL3, DOWN16, FHR-3, FHR3, HLF4"
CFHR4	"CFHL4, FHR-4, FHR4"
CFHR5	"CFHL5, FHR-5, FHR5"
CFI	"C3b-INA, FI, IF, KAF"
CFP	PFC
CGA	"FSHA, GPA1, GPHa, GPHA1, HCG, LHA, TSHA"
CGB1	
CGB2	
CGB3	CGB
CGB5	HCG
CGB7	CG-beta-a
CGB8	
CGREF1	CGR11
CHAD	SLRR4A
CHADL	SLRR4B
CHI3L1	"GP39, YK-40, YKL40"
CHI3L2	"YKL-39, YKL39"
CHIT1	"CHI3, CHIT"
CHL1	"CALL, FLJ44930, L1CAM2, MGC132578"
CHRD	
CHRDL1	"CHL, MGC1, NRLN1"
CHRDL2	BNF1
CHSY1	"CSS1, KIAA0990"
CILP	HsT18872
CILP2	MGC45771
CKLF	"C32, CKLF1, CKLF3, CKLF4, HSPC224, UCK-1"
CLCA1	"CaCC, CLCRG1"
CLCF1	"BSF-3, BSF3, CISS2, CLC, NNT-1, NNT1, NR6"
CLEC11A	"CLECSF3, LSLCL, P47, SCGF"
CLEC18A	MRCL
CLEC18B	MRCL2
CLEC18C	"MGC34761, MRCL3"
CLEC19A	
CLEC3A	CLECSF1
CLEC3B	"TN, TNA"
CLPS	
CLPSL1	"C6orf127, dJ510O8.6"
CLPSL2	"C6orf126, dJ510O8.5, UNQ3045"
CLU	"APOJ, CLI, CLU1, CLU2, KUB1, SGP-2, SP-40, TRPM-2"
CLUL1	
CMA1	
CNDP1	"CN1, CPGL2, HsT2308, MGC10825"
CNMD	"BRICD3, CHM-I, CHM1, LECT1, MYETS1"
CNTN2	"AXT, TAG-1, TAX, TAX1"
COCH	"COCH-5B2, DFNA31, DFNA9"
COL10A1	
COL11A1	"CO11A1, COLL6, DFNA37, STL2"
COL11A2	"DFNA13, DFNB53, HKE5"
COL12A1	COL12A1L
COL14A1	UND
COL15A1	
COL16A1	
COL17A1	"BP180, BPAG2"
COL18A1	"KNO, KNO1, KS"
COL19A1	
COL1A1	OI4
COL1A2	OI4
COL20A1	KIAA1510
COL21A1	
COL22A1	
COL24A1	
COL26A1	"EMI6, EMID2, Emu2"
COL27A1	"FLJ11895, KIAA1870, MGC11337"
COL28A1	
COL2A1	"AOM, SEDC, STL1"
COL3A1	EDS4A
COL4A1	
COL4A2	"DKFZp686I14213, FLJ22259"
COL4A3	
COL4A4	CA44
COL4A5	"ASLN, ATS"
COL4A6	
COL5A1	
COL5A2	
COL5A3	
COL6A1	
COL6A2	
COL6A3	
COL6A5	"COL29A1, FLJ35880, VWA4"
COL6A6	
COL7A1	"EBD1, EBDCT, EBR1"
COL8A1	"C3orf7, MGC9568"
COL8A2	"FECD, FECD1, PPCD, PPCD2"
COL9A1	
COL9A2	"EDM2, MED"
COL9A3	"DJ885L7.4.1, EDM3, FLJ90759, IDD, MED"
COLEC10	"CL-10, CL-L1"
COLEC11	"CL-11, CL-K1, MGC3279"
COLQ	EAD
COMP	"EDM1, EPD1, MED, PSACH, THBS5"
COPA	HEP-COP
CORT	"MGC32686, SST2"
CP	AB073614
CPA1	CPA
CPA2	
CPA3	
CPA4	CPA3
CPA5	
CPA6	CPAH
CPAMD8	"K-CAP, KIAA1283, VIP"
CPB1	
CPB2	"CPU, PCPB, TAFI"
CPN1	
CPN2	ACBP
CPQ	"LDP, PGCP"
CPXM1	"CPX-1, CPX1, CPXM"
CPXM2	"CPX2, UNQ676"
CPZ	
CR1L	
CRB1	"LCA8, RP12"
CREG1	CREG
CREG2	
CRH	"CRF, CRH1"
CRHBP	"CRF-BP, CRFBP"
CRHR2	"CRF-RB, CRF2, HM-CRF"
CRISP1	"AEGL1, ARP, CRISP-1, HSCRISP1D, HSCRISP1G, HUMARP"
CRISP2	"CRISP-2, CT36, GAPDL5, TPX1"
CRISP3	"Aeg2, CRISP-3, CRS3, dJ442L6.3, SGP28"
CRISPLD1	"Cocoacrisp, DKFZp762F133, LCRISP1"
CRISPLD2	"DKFZP434B044, LCRISP2, LGL1"
CRLF1	"CISS, CISS1, CLF, CLF-1"
CRP	PTX1
CRTAC1	"ASPIC1, CEP-68, FLJ10320"
CRTAP	"CASP, LEPREL3, P3H5"
CSF1	"M-CSF, MCSF, MGC31930"
CSF2	"GM-CSF, GMCSF"
CSF2RA	"alphaGMR, CD116, CSF2R"
CSF3	"C17orf33, G-CSF, GCSF, MGC45931"
CSH1	"CSA, CSMT, FLJ75407, hCS-A, PL"
CSH2	"CS-2, CSB, hCS-B"
CSHL1	"CS-5, CSHP1, CSL, hCS-L, MGC149868"
CSN1S1	"CASA, CSN1"
CSN2	CASB
CSN3	CSN10
CSPG5	NGC
CST1	
CST11	"CST8L, CTES2, dJ322G13.6"
CST2	
CST3	
CST4	
CST5	
CST6	
CST7	
CST8	"CRES, CTES5"
CST9	"CLM, CTES7A"
CST9L	"bA218C14.1, CTES7B"
CSTL1	"CTES1, dJ322G13.4"
CTF1	"CT-1, CT1"
CTHRC1	
CTRB1	CTRB
CTRB2	
CTRC	"CLCR, ELA4"
CTRL	
CTSB	
CTSD	"CLN10, CPSD"
CUTA	"ACHAP, C6orf82"
CX3CL1	"ABCD-3, C3Xkine, CXC3, CXC3C, NTN, SCYD1"
CXADR	CAR
CXCL1	"FSP, GRO1, GROa, MGSA, MGSA-a, NAP-3, SCYB1"
CXCL10	"C7, crg-2, gIP-10, IFI10, INP10, IP-10, mob-1, SCYB10"
CXCL11	"b-R1, H174, I-TAC, IP-9, SCYB11, SCYB9B"
CXCL12	"PBSF, SCYB12, SDF-1a, SDF-1b, SDF1, SDF1A, SDF1B, TLSF-a, TLSF-b, TPAR1"
CXCL13	"ANGIE, ANGIE2, BCA-1, BLC, BLR1L, SCYB13"
CXCL14	"BMAC, bolekine, BRAK, Kec, KS1, MIP-2g, NJAC, SCYB14"
CXCL16	"CXCLG16, SR-PSOX, SRPSOX"
CXCL17	"Dcip1, DMC, UNQ473, VCC1"
CXCL2	"CINC-2a, GRO2, GROb, MGSA-b, MIP-2a, SCYB2"
CXCL3	"CINC-2b, GRO3, GROg, MIP-2b, SCYB3"
CXCL5	"ENA-78, SCYB5"
CXCL6	"CKA-3, GCP-2, SCYB6"
CXCL8	"3-10C, AMCF-I, b-ENAP, GCP-1, GCP1, IL-8, IL8, K60, LECT, LUCT, LYNAP, MDNCF, MONAP, NAF, NAP-1, NAP1, SCYB8, TSG-1"
CXCL9	"CMK, crg-10, Humig, MIG, SCYB9"
CYB5D2	MGC32124
CYTL1	"C17, C4orf4"
DAND5	"CER2, CKTSF1B3, Coco, DANTE, DTE, FLJ38607, GREM3"
DCD	"AIDD, DCD-1, DSEP, HCAP, PIF"
DCN	"DSPG2, SLRR1B"
DEFA1	"DEF1, DEFA2, HNP-1, MRS"
DEFA1B	
DEFA3	"DEF3, HNP-3"
DEFA4	"DEF4, HP-4"
DEFA5	"DEF5, HD-5"
DEFA6	"DEF6, HD-6"
DEFB1	"BD1, DEFB-1, DEFB101, HBD-1, HBD1, MGC51822"
DEFB103A	"DEFB-3, DEFB103, DEFB3, HBD-3, HBD3, HBP-3, HBP3"
DEFB103B	
DEFB104A	"DEFB-4, DEFB104, DEFB4"
DEFB104B	
DEFB105A	"DEFB-5, DEFB105"
DEFB105B	
DEFB106A	"DEFB-6, DEFB106"
DEFB106B	
DEFB107A	"DEFB-7, DEFB107"
DEFB107B	HsT21816
DEFB108B	
DEFB109B	DEFB109P1B
DEFB110	"DEFB-10, DEFB-11, DEFB111"
DEFB113	DEFB-13
DEFB114	DEFB-14
DEFB115	DEFB-15
DEFB116	DEFB-16
DEFB118	"C20orf63, DEFB-18, dJ1018D12.3, ESC42"
DEFB119	"DEFB-19, DEFB-20, DEFB120"
DEFB121	DEFB-21
DEFB123	DEFB-23
DEFB124	DEFB-24
DEFB125	DEFB-25
DEFB126	"bA530N10.1, C20orf8, DEFB-26"
DEFB127	"bA530N10.2, C20orf73, DEF-27"
DEFB128	DEFB-28
DEFB129	"bA530N10.3, C20orf87, DEFB-29"
DEFB130A	"DEFB-30, DEFB130, DEFB30"
DEFB130B	
DEFB131A	"DEFB-31, DEFB131"
DEFB131B	
DEFB132	"DEFB32, RP5-1103G7.6"
DEFB134	
DEFB135	
DEFB136	DEFB137
DEFB4A	"DEFB-2, DEFB102, DEFB2, DEFB4, HBD-2, SAP1"
DEFB4B	DEFB4P
DHH	"HHG-3, MGC35145"
DHRS11	"MGC4172, SDR24C1"
DHRS13	"MGC23280, SDR7C5"
DHRS4L2	SDR25C3
DHRS7C	SDR32C2
DHRSX	"DHRS5X, DHRS5Y, DHRSXY, DHRSY, SDR46C1, SDR7C6"
DIPK2A	"C3orf58, DIA1, HASF, MGC33365"
DIPK2B	"CXorf36, DIA1R, FLJ14103"
DKK1	"DKK-1, SK"
DKK2	
DKK3	"CRRL, REIC, RIG"
DKK4	
DKKL1	"CT34, SGY-1"
DMBT1	"Gp-340, GP340, hensin, muclin, SALSA, vomeroglandin"
DMKN	ZD52F10
DMP1	
DNASE1	DNL1
DNASE1L2	DNAS1L2
DNASE1L3	"DNAS1L3, LSD"
DPP4	"ADCP2, CD26, DPPIV"
DPP7	"DPP2, DPPII"
DPT	
DRAXIN	"C1orf187, FLJ34999, Neucrin"
DSPP	"DFNA39, DGI1, DMP3"
EBI3	"IL27B, IL35B"
ECM1	
ECM2	
ECRG4	"augurin, C2orf40"
EDA	"ED1, ED1-A1, ED1-A2, EDA-A1, EDA-A2, EDA1, EDA2, HED, ODT1, XHED, XLHED"
EDDM13	
EDDM3A	"FAM12A, HE3-ALPHA"
EDDM3B	"FAM12B, HE3-BETA"
EDIL3	DEL1
EDN1	ET1
EDN2	ET2
EDN3	ET3
EFEMP1	"DHRD, FBLN3, FBNL, MTLV, S1-5"
EFEMP2	"FBLN4, UPH1"
EFNA1	"ECKLG, EPLG1, GMAN, LERK1, TNFAIP4"
EFNA4	"EPLG4, LERK4"
EGFL6	MAEG
EGFL7	ZNEU1
EGFL8	"C6orf8, NG3"
EGFLAM	"AGRINL, AGRNL, FLJ39155, PIKA"
EGFR	"ERBB, ERBB1, ERRP"
ELANE	"ELA2, HLE, HNE, NE, PMN-E"
ELN	"SVAS, WBS, WS"
ELSPBP1	"E12, EDDM12, HE12"
EMC10	"C19orf63, HSM1, HSS1, INM02"
EMID1	"EMI5, EMU1, hEmu1"
EMILIN1	"DKFZp586M121, EMILIN, gp115"
EMILIN2	"FLJ33200, FOAP-10"
EMILIN3	"C20orf130, dJ620E11.4, EMILIN5"
ENAM	AIH2
ENDOD1	KIAA0830
ENDOU	"P11, PP11, PRSS26"
ENHO	"C9orf165, UNQ470"
ENPP1	"M6S1, NPPS, PC-1, PCA1, PDNP1"
ENPP2	"ATX, PD-IALPHA, PDNP2"
ENPP3	"B10, CD203c, gp130RB13-6, PD-IBETA, PDNP3"
ENSG00000267335	
ENSG00000275063	
ENTPD5	"CD39L4, NTPDase-5, PCPH"
ENTPD6	"CD39L2, dJ738P15.3, IL6ST2, NTPDase-6"
EPDR1	"EPDR, MERP-1, MERP1, UCC1"
EPGN	"ALGV3072, EPG, PRO9904"
EPO	EP
EPPIN	"CT71, dJ461P17.2, EPPIN1, EPPIN2, EPPIN3, SPINLW1, WAP7, WFDC7"
EPPIN-WFDC6	SPINLW1-WFDC6
EPYC	"DSPG3, Pg-Lb, SLRR3B"
EQTN	"AFAF, C9orf11, equatorin, SPACA8"
ERAP1	"A-LAP, ARTS-1, ERAAP1, KIAA0525, PILS-AP"
ERAP2	"L-RAP, LRAP"
ERBB3	"HER3, LCCS2"
EREG	ER
ERFE	"C1QTNF15, CTRP15, FAM132B, FLJ37034"
ERVH48-1	"C21orf105, NDUFV3-AS1, SUPYN"
ERVMER34-1	envMER34
ESM1	
EYS	"bA166P24.2, bA307F22.3, bA74E24.1, C6orf178, C6orf179, C6orf180, dJ1018A4.2, dJ303F19.1, EGFL10, EGFL11, RP25, SPAM"
F10	
F11	FXI
F12	
F13A1	F13A
F13B	FXIIIB
F2	
F3	"CD142, TF"
F5	
F7	
F8	"DXS1253E, F8C, FVIII, HEMA"
F9	FIX
FAM177A1	C14orf24
FAM180A	"HWKM1940, UNQ1940"
FAM180B	LOC399888
FAM20A	DKFZp434F2322
FAM20C	"DKFZp547D065, DMP4, G-CK, IMAGE:4942737"
FAM237B	
FAM24A	AC073585.4
FAM3A	"2-19, DXS560S, XAP-7"
FAM3B	"2-21, C21orf11, C21orf76, D21M16SJHU19e, ORF9, PANDER, PRED44"
FAM3C	"GS3876, ILEI"
FAM3D	"EF7, OIT1"
FAP	DPPIV
FAS	"APO-1, APT1, CD95, FAS1, TNFRSF6"
FASLG	"APT1LG1, CD178, FasL, TNFSF6"
FBLN1	FBLN
FBLN2	
FBLN5	"ARMD3, DANCE, EVEC, UP50"
FBLN7	"FLJ37440, TM14"
FBN1	"FBN, MASS, MFS1, OCTD, SGS, WMS"
FBN2	"CCA, DA9"
FBN3	KIAA1776
FBXO45	Fbx45
FCER2	"CD23, CD23A, CLEC4J, FCE2, FcepsilonRII, FCErII"
FCGBP	"FC(GAMMA)BP, FcgammaBP"
FCGR3A	"CD16, CD16a, FCG3, FcgammaRIIIa, FCGR3, FcGRIIIA"
FCGR3B	"CD16, CD16b, FCG3, FcgammaRIIIb, FCGR3, FcRIIIb"
FCMR	"FAIM3, FcmuR, TOSO"
FCN1	FCNM
FCN2	"EBP-37, FCNL, ficolin-2, P35"
FCN3	"FCNH, HAKA1"
FCRL5	"BXMAS1, CD307e, FCRH5, IRTA2"
FDCSP	"C4orf7, FDC-SP"
FETUB	
FGA	
FGB	
FGF1	"AFGF, ECGF, ECGF-beta, ECGFA, ECGFB, FGF-alpha, FGFA, GLIO703, HBGF1"
FGF10	
FGF16	MF4
FGF17	FGF-13
FGF18	"FGF-18, ZFGF5"
FGF19	
FGF2	FGFB
FGF20	
FGF21	
FGF22	
FGF23	
FGF3	"HBGF-3, INT2"
FGF4	"HBGF-4, HST, HST-1, HSTF1, K-FGF, KFGF"
FGF5	
FGF6	
FGF7	KGF
FGF8	AIGF
FGF9	
FGFBP1	"FGFBP, HBP17"
FGFBP2	KSP37
FGFBP3	"C10orf13, MGC39320"
FGFR2	"BEK, CD332, CEK3, CFD1, ECT1, JWS, K-SAM, KGFR, TK14, TK25"
FGFR3	"ACH, CD333, CEK2, JTK4"
FGG	
FGL1	"HFREP-1, HPS"
FGL2	"pT49, T49"
FKRP	"FKTR, LGMD2I, MDC1C"
FLT1	"FLT, VEGFR1"
FLT3LG	
FLT4	"PCL, VEGFR-3, VEGFR3"
FMOD	SLRR2E
FN1	"CIG, FINC, GFND2, LETS, MSF"
FNDC1	"bA243O10.1, dJ322A24.1, FNDC2, KIAA1866"
FNDC7	FLJ35838
FOLR1	"FOLR, FRalpha"
FOLR2	FRbeta
FOLR3	"FR-G, FRgamma"
FREM1	"C9orf143, C9orf145, C9orf154, DKFZp686M16108, FLJ25461, TILRR"
FREM3	
FRZB	"FRE, FRITZ, FRP-3, FRZB-1, FRZB-PEN, FRZB1, FZRB, hFIZ, SFRP3, SRFP3"
FSHB	
FST	FS
FSTL1	"FRP, FSL1, OCC-1, OCC1, tsc36"
FSTL3	"FLRG, FSRP"
FSTL4	KIAA1061
FSTL5	"DKFZp566D234, KIAA1263"
FUCA2	"dJ20N2.5, MGC1314"
FUT6	"FCT3A, FLJ40754, FT1A, FucT-VI"
GAL	"GAL-GMAP, GALN, GLNN, GMAP"
GALP	
GAS6	"AXLLG, AXSF, DKFZp666G247, FLJ34709"
GASK1A	"C3orf41, DKFZP434B172, FAM198A"
GAST	GAS
GATD1	"FLJ34283, PDDC1"
GC	"DBP, hDBP, VDBP"
GCG	"GLP-1, GLP1, GLP2, GRPP"
GDF1	
GDF10	BMP-3b
GDF11	"BMP-11, BMP11"
GDF15	"MIC-1, MIC1, NAG-1, PDF, PLAB, PTGFB"
GDF2	"BMP-9, BMP9"
GDF3	
GDF5	"BMP14, CDMP1"
GDF6	"BMP13, KFS, KFS1, SGM1"
GDF7	BMP12
GDF9	
GDNF	"ATF1, ATF2, HFB1-GDNF"
GFER	"ALR, ERV1, HERV1, HPO1, HPO2, HSS"
GFOD1	"ADG-90, C6orf114, FLJ20330"
GFOD2	"FLJ23802, MGC11335"
GH1	"GH, GH-N, GHN, hGH-N"
GH2	"GH-V, GHL, GHV, hGH-V"
GHR	GHBP
GHRH	GHRF
GHRL	"ghrelin, MTLRP, obestatin"
GIP	
GKN1	"AMP18, BRICD1, CA11"
GKN2	"blottin, BRICD1B, GDDR, PRO813, TFIZ1, VLTI465"
GLB1L	MGC10771
GLB1L2	
GLDN	"CLOM, COLM, colmedin, CRG-L2, UNC-122"
GLIPR1L1	MGC26856
GLT1D1	FLJ31978
GLTPD2	
GNLY	"D2S69E, LAG-2, LAG2, NKG5, TLA519"
GNRH1	"GNRH, GRH, LHRH"
GNRH2	
GP2	ZAP75
GPHA2	"A2, GPA2, MGC126572, ZSIG51"
GPHB5	"GPB5, ZLUT1"
GPI	"AMF, NLK"
GPLD1	
GPR15LG	"AP-57, C10orf99, CSBF, FLJ21763, GPR15L, RLLV1833, UNQ1833"
GPX1	
GPX3	
GPX5	
GPX6	GPXP3
GPX7	"FLJ14777, GPX6, NPGPx"
GREM1	"CKTSF1B1, CRAC1, DAND2, DRM, gremlin, HMPS"
GREM2	"CKTSF1B2, DAND3, FLJ21195, Prdc"
GRN	"CLN11, PCDGF, PGRN"
GRP	
GSN	DKFZp313L0718
GUCA2A	"GUCA2, STARA"
GUCA2B	
GZMA	"CTLA3, HFSP"
GZMB	"CCPI, CGL-1, CGL1, CSP-B, CSPB, CTLA1, CTSGL1, HLP, SECT"
GZMH	"CCP-X, CGL-2, CSP-C, CTLA1, CTSGL2"
GZMK	"PRSS, TRYP2"
GZMM	"LMET1, MET1"
HABP2	"FSAP, HABP, HGFAL, PHBP"
HAMP	"HEPC, HFE2B, LEAP-1, LEAP1"
HAPLN1	CRTL1
HAPLN2	BRAL1
HAPLN3	"EXLD1, HsT19883"
HAPLN4	"BRAL2, KIAA1926"
HBEGF	"DTR, DTS, HEGFL"
HCRT	"OX, PPOX"
HDGF	HMG1L2
HGF	"DFNB39, F-TCF, HGFB, HPTA, SF"
HGFAC	"HGFA, HGFAP"
HHIP	"FLJ20992, HIP"
HHIPL1	KIAA1822
HHIPL2	"FLJ13840, KIAA1822L"
HHLA1	PLA2L
HLA-E	
HLA-G	
HMCN1	"ARMD1, FBLN6, FIBL-6, FIBL6"
HMCN2	"DKFZp434P0216, FLJ23816"
HMGB1	"DKFZp686A04236, HMG1, HMG3, SBP-1"
HMGB2	HMG2
HMSD	"ACC-6, ACC6, C18orf53"
HP	
HPR	
HPSE	"HPA, HPSE1, HSE1"
HPSE2	"HPA2, HPR2, UFS"
HPX	
HRG	"HPRG, HRGP"
HSD11B1L	"HSD1L, SCDR10, SDR26C2"
HSPG2	"perlecan, PRCAN, SJS1"
HTN1	HIS1
HTN3	HIS2
HTRA1	"ARMD7, HtrA, IGFBP5-protease, PRSS11"
HTRA3	"Prsp, Tasp"
HTRA4	FLJ90724
HYAL1	"HYAL-1, LUCA1"
HYAL3	"LUCA-3, LUCA14, Minna14"
IAPP	"AMYLIN, DAP, IAP"
IBSP	"BSP, BSP-II, SP-II"
IDE	
IFI35	IFP35
IFNA1	"IFL, IFN, IFN-ALPHA, IFN-alphaD, IFNA@, IFNA13"
IFNA10	IFN-alphaC
IFNA13	
IFNA14	"IFN-alphaH, LEIF2H"
IFNA16	IFN-alphaO
IFNA17	"IFN-alphaI, LEIF2C1"
IFNA2	"IFN-alphaA, IFNA"
IFNA21	IFN-alphaI
IFNA4	"IFN-alpha4a, MGC142200"
IFNA5	IFN-alphaG
IFNA6	IFN-alphaK
IFNA7	"IFN-alphaJ, IFNA-J"
IFNA8	IFN-alphaB
IFNAR2	IFNABR
IFNB1	"IFB, IFF, IFNB"
IFNE	IFNE1
IFNG	
IFNK	
IFNL1	"IL-29, IL29"
IFNL2	"IL-28A, IL28A"
IFNL3	"IL-28B, IL28B, IL28C"
IFNL4	IFNAN
IFNW1	
IGF1	"IGF, IGF-I, IGF1A, IGFI"
IGF2	"C11orf43, FLJ44734, IGF-II"
IGFALS	ALS
IGFBP1	"AFBP, hIGFBP-1, IBP1, IGF-BP25, PP12"
IGFBP2	IBP2
IGFBP3	"BP-53, IBP3"
IGFBP4	"BP-4, HT29-IGFBP, IBP4, IGFBP-4"
IGFBP5	
IGFBP6	
IGFBP7	"FSTL2, IGFBP-7, MAC25, PSF"
IGFBPL1	bA113O24.1
IGFL1	UNQ644
IGFL2	UNQ645
IGFL3	UNQ483
IGFL4	
IGHA1	AL928768.3
IGHA2	
IGHD1-1	IGHD11
IGHE	
IGHG1	
IGHG2	
IGHG3	
IGHG4	
IGHJ1	
IGHM	
IGHV1-18	
IGHV1-2	V35
IGHV1-24	
IGHV1-3	VI-3B
IGHV1-45	
IGHV1-46	
IGHV1-58	
IGHV1-69	IGHV1-E
IGHV1-69-2	IGHV1-F
IGHV1-69D	
IGHV2-26	
IGHV2-5	
IGHV2-70	
IGHV2-70D	
IGHV3-11	
IGHV3-13	
IGHV3-15	
IGHV3-16	
IGHV3-20	
IGHV3-21	
IGHV3-23	
IGHV3-30	
IGHV3-33	
IGHV3-35	
IGHV3-38	
IGHV3-43	
IGHV3-48	
IGHV3-49	
IGHV3-53	
IGHV3-64	
IGHV3-64D	
IGHV3-66	
IGHV3-7	
IGHV3-72	
IGHV3-73	
IGHV3-74	
IGHV4-28	
IGHV4-31	
IGHV4-34	
IGHV4-39	
IGHV4-4	
IGHV4-59	
IGHV4-61	
IGHV5-10-1	IGHV5-A
IGHV5-51	
IGHV6-1	
IGHV7-4-1	
IGHV7-81	
IGHV8-51-1	"IGHV(III)-51-1, IGHVIII-51-1"
IGIP	"C5orf53, LOC492311"
IGKC	HCAK1
IGKJ1	J1
IGKV1-12	"IGKV112, L19"
IGKV1-16	"IGKV116, L1"
IGKV1-17	"A30, IGKV117"
IGKV1-27	"A20, IGKV127"
IGKV1-33	"IGKV133, O18"
IGKV1-37	"IGKV137, O14"
IGKV1-39	
IGKV1-5	
IGKV1-6	
IGKV1-8	"IGKV18, L9"
IGKV1-9	"IGKV19, L8"
IGKV1D-12	
IGKV1D-13	
IGKV1D-16	
IGKV1D-17	
IGKV1D-33	
IGKV1D-37	"IGKV1D37, O4"
IGKV1D-39	
IGKV1D-42	
IGKV1D-43	
IGKV1D-8	
IGKV2-24	
IGKV2-28	
IGKV2-30	
IGKV2-40	
IGKV2D-24	
IGKV2D-26	
IGKV2D-28	
IGKV2D-29	
IGKV2D-30	
IGKV2D-40	
IGKV3-11	
IGKV3-15	
IGKV3-20	
IGKV3-7	
IGKV3D-11	
IGKV3D-15	
IGKV3D-20	
IGKV3D-7	
IGKV4-1	"B3, IGKV41"
IGKV5-2	"B2, IGKV52"
IGKV6-21	"A26, IGKV621"
IGKV6D-21	"A10, IGKV6D21"
IGKV6D-41	
IGLC1	IGLC
IGLC2	IGLC
IGLC3	IGLC
IGLC7	
IGLJ1	
IGLL1	"14.1, CD179B, IGL5, IGLL, IGVPB"
IGLL5	
IGLON5	LOC402665
IGLV1-36	
IGLV1-40	
IGLV1-44	
IGLV1-47	
IGLV1-50	
IGLV1-51	
IGLV10-54	
IGLV11-55	
IGLV2-11	
IGLV2-14	
IGLV2-18	
IGLV2-23	
IGLV2-33	
IGLV2-8	
IGLV3-1	
IGLV3-10	
IGLV3-12	
IGLV3-16	
IGLV3-19	
IGLV3-21	
IGLV3-22	
IGLV3-25	
IGLV3-27	
IGLV3-32	
IGLV3-9	
IGLV4-3	
IGLV4-60	
IGLV4-69	
IGLV5-37	
IGLV5-45	
IGLV5-48	
IGLV5-52	
IGLV6-57	
IGLV7-43	
IGLV7-46	
IGLV8-61	
IGLV9-49	
IGSF10	"CMF608, FLJ25972"
IHH	"BDA1, HHG2"
IL10	"CSIF, IL-10, IL10A, TGIF"
IL11	"AGIF, IL-11"
IL11RA	
IL12A	"CLMF, IL-12A, NFSK, NKSF1, p35"
IL12B	"CLMF, CLMF2, IL-12B, NKSF, NKSF2"
IL13	"ALRH, BHR1, IL-13, MGC116786, MGC116788, MGC116789, P600"
IL15	"IL-15, MGC9721"
IL15RA	"CD215, IL-15RA"
IL16	"FLJ16806, FLJ42735, HsT19289, IL-16, LCF, prIL-16"
IL17A	"CTLA8, IL-17, IL-17A, IL17"
IL17B	"IL-17B, IL-20, MGC138900, MGC138901, NIRF, ZCYTO7"
IL17C	"CX2, IL-17C, IL-21, MGC126884, MGC138401"
IL17D	"FLJ30846, IL-17D, IL-27, IL27"
IL17F	"IL-17F, ML-1, ML1"
IL17RA	"CD217, CDw217, hIL-17R, IL-17RA, IL17R"
IL18	"IGIF, IL-18, IL-1g, IL1F4"
IL18BP	IL18BPa
IL19	"IL-10C, IL-19, MDA1, NG.1, ZMDA1"
IL1A	"IL-1A, IL1, IL1-ALPHA, IL1F1"
IL1B	"IL-1B, IL1-BETA, IL1F2"
IL1F10	"FKSG75, IL-1F10, IL-1HY2, IL1-theta, MGC11983, MGC119832, MGC119833"
IL1R1	"CD121A, D2S1473, IL1R, IL1RA"
IL1R2	"CD121b, IL1RB"
IL1RAP	"C3orf13, IL-1RAcP, IL1R3"
IL1RL1	"DER4, FIT-1, IL33R, ST2, ST2L, ST2V, T1"
IL1RN	"ICIL-1RA, IL-1RN, IL1F3, IL1RA, IRAP, MGC10430"
IL2	"IL-2, TCGF"
IL20	"IL-20, IL10D, ZCYTO10"
IL21	"IL-21, Za11"
IL22	"IL-21, IL-22, IL-D110, IL-TIF, ILTIF, MGC79382, MGC79384, TIFa, TIFIL-23, zcyto18"
IL22RA2	"CRF2-S1, IL-22BP"
IL23A	"IL-23, IL-23A, IL23P19, P19, SGRF"
IL24	"C49A, FISP, IL-24, IL10B, mda-7, Mob-5, ST16"
IL25	"IL-17E, IL-25, IL17E"
IL26	"AK155, IL-26"
IL27	"IL-27, IL-27A, IL27A, IL27p28, IL30, MGC71873, p28"
IL3	"IL-3, MCGF, MGC79398, MGC79399, MULTI-CSF"
IL31	IL-31
IL32	"NK4, TAIF, TAIFb, TAIFd"
IL33	"C9orf26, DKFZp586H0523, DVS27, IL1F11, NF-HEV"
IL34	"C16orf77, IL-34, MGC34647"
IL36A	"FIL1, FIL1E, IL-1F6, IL1(EPSILON), IL1F6, MGC129552, MGC129553"
IL36B	"FIL1, FILI-(ETA), IL-1F8, IL-1H2, IL1-ETA, IL1F8, IL1H2, MGC126880, MGC126882"
IL36G	"IL-1F9, IL-1H1, IL-1RP2, IL1E, IL1F9, IL1H1"
IL36RN	"FIL1, FIL1(DELTA), FIL1D, IL-1F5, IL1F5, IL1HY1, IL1L1, IL1RP3, IL36RA, MGC29840"
IL37	"FIL1, FIL1(ZETA), FIL1Z, IL-1F7, IL-1H4, IL-1RP1, IL1F7"
IL4	"BCGF-1, BCGF1, BSF1, IL-4, MGC79402"
IL4I1	FIG1
IL4R	CD124
IL5	"EDF, IL-5, TRF"
IL6	"BSF2, HGF, HSF, IFNB2, IL-6"
IL6R	"CD126, gp80, IL-1Ra, IL-6R, IL6RA"
IL6ST	"CD130, GP130, IL-6RB, sGP130"
IL7	IL-7
IL9	"HP40, IL-9, P40"
IMPG1	"GP147, IPM150, SPACR"
IMPG2	"IPM200, RP56, SPACRCAN"
INHA	
INHBA	
INHBB	
INHBC	
INHBE	"activin, MGC4638"
INS	"IDDM1, IDDM2"
INS-IGF2	
INSL3	"MGC119818, MGC119819, RLF, RLNL"
INSL4	EPIL
INSL5	
INSL6	RIF1
ISG15	"G1P2, IFI15, UCRP"
ISLR	HsT17563
ISM1	"bA149I18.1, C20orf82"
ISM2	"FLJ32147, TAIL1, THSD3"
ITGBL1	"OSCP, TIED"
ITIH1	"H1P, IATIH, ITIH"
ITIH2	H2P
ITIH3	H3P
ITIH4	"H4P, IHRP, ITIHL1"
ITIH5	MGC10848
ITIH6	"ITIH5L, UNQ6369"
ITLN1	"FLJ20022, hIntL, HL-1, ITLN, LFR"
ITLN2	HL-2
ITM2B	"BRI, BRI2, BRICD2B, E25B, E3-16"
IZUMO4	C19orf36
JAM3	"JAM-3, JAM-C, JAMC"
JCHAIN	"IGCJ, IGJ, JCH"
KAZALD1	"FKSG28, FKSG40"
KCP	"CRIM2, FLJ33365, NET67"
KERA	"CNA2, SLRR2B"
KIAA0319	NMIG
KIR2DS4	"CD158I, cl-39, KKA3, nkat8"
KISS1	
KL	KLA
KLK1	Klk6
KLK10	"NES1, PRSSL1"
KLK11	"PRSS20, TLSP"
KLK12	KLK-L5
KLK13	KLK-L4
KLK14	KLK-L6
KLK15	"ACO, HSRNASPH, prostinogen"
KLK2	
KLK3	"APS, PSA"
KLK4	"EMSP, EMSP1, KLK-L1, PRSS17, PSTS"
KLK5	"KLK-L2, SCTE"
KLK6	"Bssp, Klk7, neurosin, PRSS18, PRSS9"
KLK7	"PRSS6, SCCE"
KLK8	"HNP, neuropsin, ovasin, PRSS19, TADG14"
KLK9	KLK-L3
KLKB1	KLK3
KNG1	"BDK, BK, HK, HMWK, KNG"
KRT10	"CK10, K10, KPP"
KRTDAP	"KDAP, UNQ467"
LACRT	LACRITIN
LAD1	
LAIR2	"CD306, LAIR-2"
LALBA	"HAMLET, LYZG, LYZL7"
LAMA1	LAMA
LAMA2	LAMM
LAMA3	"BM600-150kDa, epiligrin, kalinin-165kDa, LAMNA, nicein-150kDa"
LAMA4	LAMA3
LAMA5	
LAMB1	CLM
LAMB2	"LAMS, NPHS5"
LAMB3	"BM600-125kDa, kalinin-140kDa, LAMNB1, nicein-125kDa"
LAMB4	
LAMC1	LAMB2
LAMC2	"BM600-100kDa, EBR2, EBR2A, kalinin-105kDa, LAMB2T, LAMNB2, nicein-100kDa"
LAMC3	DKFZp434E202
LBP	BPIFD2
LCAT	
LCN1	"MGC71975, PMFA, TLC, TP, VEGP"
LCN10	
LCN12	MGC48935
LCN15	"PRO6093, UNQ2541"
LCN2	"24p3, NGAL"
LCN6	
LCN8	LCN5
LCN9	
LDLRAD2	
LEAP2	LEAP-2
LECT2	"chm-II, chm2"
LEFTY1	"LEFTB, LEFTYB"
LEFTY2	"EBAF, LEFTA, LEFTYA, TGFB4"
LEP	"OB, OBS"
LGALS1	GBP
LGALS3	"GALIG, LGALS2, MAC-2"
LGALS3BP	"90K, BTBD17B, CyCAP, gp90, M2BP, MAC-2-BP, TANGO10B"
LGALS9	LGALS9A
LGI1	"EPITEMPIN, EPT, ETL1, IB1099"
LGI2	"FLJ10675, KIAA1916"
LGI3	
LGI4	
LHB	"CGB4, hLHB, LSH-B"
LIF	"CDF, DIA, HILDA"
LILRA2	"CD85h, ILT1, LIR-7, LIR7"
LILRA5	"CD85, CD85f, ILT11, LILRB7, LIR9"
LIPC	"HL, HTGL"
LIPF	"HGL, HLAL"
LIPG	EDL
LIPH	"LPDLR, mPA-PLA1, mPA-PLA1alpha, PLA1B"
LIPI	"CT17, LPDL, mPA-PLA1beta, PLA1C, PRED5"
LIPK	"bA186O14.2, LIPL2"
LIPM	"bA304I5.1, LIPL3"
LIPN	"bA186O14.3, LIPL4"
LLCFC1	"C7orf34, CTM-1"
LOX	
LOXL1	"LOL, LOXL"
LOXL2	"LOR, WS9-14"
LOXL3	
LOXL4	"FLJ21889, LOXC"
LPA	"LP, Lp(a)"
LPL	LIPD
LPO	SPO
LRCOL1	
LRG1	LRG
LRP8	"APOER2, HSZ75190, LRP-8, MCI1"
LRRC17	"H_RG318M05.3, P37NB"
LTA	"LT, TNFB, TNFSF1"
LTBP1	
LTBP2	"C14orf141, LTBP3"
LTBP3	LTBP2
LTBP4	"FLJ46318, FLJ90018, LTBP-4, LTBP-4L"
LTF	HLF2
LUM	"LDC, SLRR2D"
LUZP2	
LY6G5B	"C6orf19, G5b"
LY6G5C	"C6orf20, G5c, NG33"
LY6K	"CT97, FLJ35226, HSJ001348"
LY86	"dJ80N2.1, MD-1"
LY9	"CD229, hly9, mLY9, SLAMF3"
LY96	MD-2
LYG1	"LYGA1, SALW1939"
LYG2	"LYGA2, LYGH"
LYPD6	MGC52057
LYPD8	
LYZ	
LYZL1	"LYC2, MGC33408"
LYZL2	
LYZL4	"LYC4, MGC26768"
LYZL6	"LYC1, PRO1485, TKAL754"
MAMDC2	MGC21981
MAN2B2	"EpMAN, KIAA0935"
MANF	"ARMET, ARP"
MAPT	"DDPAC, FLJ31424, FTDP-17, MAPTL, MGC138549, MSTD, MTBT1, MTBT2, PPND, PPP1R103, tau, tau-40"
MASP1	"CRARF, MAP-1, Map44, MASP, MASP-3, PRSS5"
MASP2	"MAP-2, Map19, MASP1P1, sMAP"
MATN1	"CMP, CRTM"
MATN2	
MATN3	"EDM5, HOA"
MATN4	
MBL2	"COLEC1, MBL, MBP, MBP-C, MBP1"
MDK	"FLJ27379, MK, NEGF2"
MEGF6	EGFL3
MEP1B	
MEPE	
MET	"DFNB97, HGFR, RCCP2"
METRN	"C16orf23, MGC2601"
METRNL	
METTL24	"C6orf186, dJ71D21.2"
MFAP2	"MAGP, MAGP-1"
MFAP4	
MFAP5	"MAGP2, MP25"
MFGE8	"BA46, EDIL1, hP47, HsT19888, MFG-E8, OAcGD3S, SED1, SPAG10"
MGAT4A	"GnT-4a, GnT-Iva"
MGP	
MIA	CD-RAP
MIF	"GIF, GLIF"
MINPP1	MIPP
MLN	
MMP1	CLG
MMP10	STMY2
MMP11	STMY3
MMP12	HME
MMP13	CLG3
MMP16	"C8orf57, DKFZp761D112, MT3-MMP"
MMP17	MT4-MMP
MMP19	"MMP18, RASI-1"
MMP2	"CLG4, CLG4A, TBE-1"
MMP20	
MMP21	
MMP24	MT5-MMP
MMP25	"MMP20, MMPL1, MT6-MMP"
MMP26	"endometase, MGC126590, MGC126592"
MMP28	"EPILYSIN, MM28, MMP-25, MMP-28"
MMP3	"STMY, STMY1"
MMP7	"MPSL1, PUMP-1"
MMP8	CLG1
MMP9	CLG4B
MMRN1	"ECM, EMILIN4, GPIa*, MMRN"
MMRN2	"EMILIN3, EndoGlyx-1, FLJ13465"
MPEG1	MPG1
MS4A13	
MSMB	"IGBF, MSP, MSPB, PN44, PRPS, PSP, PSP-94, PSP57, PSP94"
MSMP	"PC-3, PSMP"
MST1	"D3F15S2, DNF15S2, HGFL, MSP, NF15S2"
MSTN	GDF8
MUC1	"ADMCKD, ADMCKD1, Ca15-3, CD227, EMA, KL-6, MCD, MCKD, MCKD1, PEM, PUM"
MUC13	DRCC1
MUC16	"CA-125, CA125, FLJ14303"
MUC20	"FLJ14408, KIAA1359"
MUC4	
MUC5AC	MUC5
MUC5B	"MG1, MUC5"
MUC6	
MUC7	"FLJ27047, MG2"
MUCL1	SBEM
MXRA5	DKFZp564I1922
MYDGF	"C19orf10, IL-25, IL-27, IL25, IL27, IL27w, R33729_1, SF20"
MYOC	"GLC1A, JOAG1, TIGR"
MZB1	"HSPC190, MEDA-7, MGC29506, PACAP, pERp1"
NAMPT	"PBEF, PBEF1"
NAPSA	"KAP, Kdap, NAP1, NAPA"
NAXE	"AIBP, APOA1BP, MGC119143, MGC119144, MGC119145, YJEFN1"
NBL1	"D1S1733E, DAN, DAND1, NB, NO3"
NCAM1	"CD56, NCAM"
NCAN	CSPG3
NDNF	"C4orf31, FLJ23191"
NDP	"EVR2, norrin"
NECTIN1	"CD111, CLPED1, ED4, HIgR, HVEC, Nectin-1, OFC7, PRR, PRR1, PVRL1, PVRR1, SK-12"
NECTIN4	"LNIR, nectin-4, PRR4, PVRL4"
NELL1	"FLJ45906, IDH3GL"
NELL2	NRP2
NENF	"CIR2, SCIRP10, SPUF"
NETO1	"BCTL1, BTCL1"
NGF	NGFB
NHLRC3	
NID1	"entactin, NID"
NID2	
NMB	"MGC17211, MGC2277, MGC3936"
NMI	
NMS	
NMU	
NODAL	
NOG	"SYM1, SYNS1"
NOTCH2NLA	"N2N, NOTCH2NL"
NOTCH2NLB	
NOTCH2NLC	
NOTUM	
NPB	"PPL7, PPNPB"
NPC2	"EDDM1, HE1, NP-C2"
NPFF	FMRFAL
NPIPB7	"LOC440350, NPIPL1"
NPNT	"EGFL6L, POEM"
NPPA	"ANP, PND"
NPPB	
NPPC	CNP
NPS	
NPTX1	
NPTX2	
NPVF	"C7orf9, RFRP"
NPW	PPL8
NPY	PYY4
NRCAM	"Bravo, KIAA0343"
NRG1	"GGF, HGL, HRG, NDF, NRG1-IT2"
NRG2	"Don-1, HRG2, NTAK"
NRG3	
NRG4	HRG4
NRN1L	"MRCC2446, UNQ2446"
NRP1	"CD304, NRP, VEGF165R"
NRP2	VEGF165R2
NRTN	NTN
NTF3	NGF2
NTF4	"GLC1O, NT-4/5, NTF5"
NTN1	"NET1, NTN1L"
NTN3	NTN2L
NTN4	
NTN5	
NTS	
NUCB1	"Calnuc, NUC"
NUCB2	NEFA
NXPE3	"FAM55C, MGC15606"
NXPE4	"C11orf33, FAM55D, FLJ20127"
NXPH1	
NXPH2	NPH2
NXPH3	NPH3
NXPH4	NPH4
OAF	MGC52117
OBP2A	"hOBPIIa, LCN13, OBP"
OBP2B	"hOBPIIb, LCN14"
OC90	PLA2L
ODAPH	"AI2A4, C4orf26, FLJ23657"
OGN	"mimecan, OIF, SLRR3A"
OIT3	"FLJ39116, LZP"
OLFM1	"AMY, NOE1, NOELIN, OlfA"
OLFM2	"NOE2, OlfC"
OLFM3	NOE3
OLFM4	"GC1, GW112, OlfD"
OLFML1	UNQ564
OLFML2A	FLJ00237
OLFML2B	DKFZP586L151
OLFML3	"HNOEL-iso, OLF44"
OMD	"osteoadherin, SLRR2C"
OOSP2	"FLJ36198, OOSP2A, PLAC1L, TMEM122"
OOSP3	
OOSP4A	
OOSP4B	
OPRPN	"BPLP, PRL1, PROL1"
OPTC	
ORM1	
ORM2	"AGP-B, AGP-B', AGP2"
OSM	MGC20461
OSTN	
OTOA	"CT108, DFNB22"
OTOG	"FLJ46346, mlemp, OTGN"
OTOGL	"C12orf64, FLJ90579"
OTOL1	"C1QTNF15, C1QTNF16"
OTOR	"FDP, MIAL, MIAL1"
OTOS	OTOSP
OVCH1	OVCH
OVCH2	OVTN
OVGP1	"CHIT5, MUC9"
OXT	"OT, OT-NPI, OXT-NPI"
PAEP	"GD, GdA, GdF, GdS, MGC138509, MGC142288, PAEG, PEP, PP14"
PAM	"PAL, PHM"
PAMR1	"DKFZP586H2123, RAMP"
PAPLN	MGC50452
PAPPA	"ASBABP2, DIPLA1, IGFBP-4ase, PAPA, PAPP-A, PAPPA1"
PAPPA2	"PAPP-A2, PAPPE, PLAC3"
PATE1	PATE
PATE2	"C11orf38, LVLF3112, PATE-M, UNQ3112"
PATE3	"HEL-127, PATE-DJ"
PATE4	"FLJ41047, PATE-B"
PCDH12	
PCDHA1	
PCDHA10	"CNR8, CNRN8, CNRS8, CRNR8, PCDH-ALPHA10"
PCDHA6	"CNR2, CNRS2, CRNR2, PCDH-ALPHA6"
PCOLCE	"PCPE, PCPE1"
PCOLCE2	PCPE2
PCSK1	"NEC1, PC1, PC1/3, PC3, SPC3"
PCSK1N	"BigLEN, PEN, proSAAS, SAAS, SCG8, SgVIII"
PCSK2	"NEC2, PC2, SPC2"
PCSK5	"PC5, PC6, SPC6"
PCSK6	"PACE4, SPC4"
PCSK9	"FH3, HCHOLA3, NARC-1"
PCYOX1L	MGC3265
PDCD1LG2	"B7-DC, bA574F11.2, Btdc, CD273, PD-L2, PDL2"
PDGFA	"PDGF-A, PDGF1"
PDGFB	"SIS, SSV"
PDGFC	"fallotein, SCDGF"
PDGFD	"IEGF, MSTP036, SCDGF-B"
PDGFRL	PRLTS
PDYN	"ADCA, PENKB, SCA23"
PEBP4	"CORK1, hPEBP4, MGC22776"
PENK	
PF4	"CXCL4, SCYB4"
PF4V1	"CXCL4L1, CXCL4V1, SCYB4V1"
PGA3	
PGA4	
PGA5	
PGC	
PGF	"D12S1900, PGFL, PIGF, PLGF, PlGF-2, SHGC-10760"
PGLYRP1	"PGLYRP, PGRP, PGRP-S, PGRPS, TAG7, TNFSF3L"
PGLYRP2	"PGLYRPL, PGRP-L, PGRPL, tagL, tagL-alpha, tagl-beta, TAGL-like"
PGLYRP3	"PGLYRPIalpha, PGRP-Ialpha, PGRPIA"
PGLYRP4	"PGLYRPIbeta, PGRP-Ibeta, PGRPIB, SBBI67"
PGRMC1	HPR6.6
PGRMC2	"DG6, PMBP"
PI15	P25TI
PI16	"CD364, dJ90K10.5, MGC45378, MSMBBP"
PI3	"cementoin, ELAFIN, ESI, SKALP, WAP3, WFDC14"
PIBF1	"C13orf24, CEP90, PIBF"
PIGR	
PILRA	FDF03
PINLYP	
PIP	"BRST-2, GCDFP-15, GCDFP15, GPIP4, SABP"
PKD1	"PBP, Pc-1, TRPP1"
PKD2	"Pc-2, PC2, PKD4, TRPP2"
PKDCC	"SgK493, Vlk"
PLA1A	ps-PLA1
PLA2G10	GXPLA2
PLA2G12A	PLA2G12
PLA2G12B	PLA2G13
PLA2G1B	"PLA2, PLA2A, PPLA2"
PLA2G2A	"PLA2B, PLA2L"
PLA2G2C	UBXN10-AS1
PLA2G2D	sPLA2S
PLA2G2E	
PLA2G3	GIII-SPLA2
PLA2G5	
PLA2G7	"LDL-PLA2, PAFAH"
PLA2R1	"CLEC13C, PLA2-R, PLA2G1R, PLA2IR"
PLAC1	"CT92, OOSP2B, OOSP2L"
PLAC9	
PLAT	
PLAU	"UPA, URK"
PLG	
PLGLB1	"PLGL, PRP-B"
PLGLB2	PLGP1
PLOD3	LH3
PLTP	BPIFE
PM20D1	"Cps1, FLJ32569"
PMCH	MCH
PNLIP	PL
PNLIPRP1	PLRP1
PNLIPRP3	
PNOC	"N/OFQ, NOP, PPNOC"
PODN	"MGC24995, PCAN, PODOCAN, SLRR5A"
PODNL1	"FLJ23447, SLRR5B"
POLGARF	ORF-Y
POMC	"ACTH, CLIP, LPH, MSH, NPP, POC"
PON1	"ESA, PON"
PON2	
PON3	
POSTN	"OSF-2, periostin, PN"
PPBP	"b-TG1, Beta-TG, CTAP3, CTAPIII, CXCL7, LA-PF4, LDGF, MDGF, NAP-2, NAP-2-L1, PBP, SCYB7, TGB, TGB1, THBGB1"
PPIA	CYPA
PPIB	"B, CYP-S1, CYPB, OI9, PPIase, SCYLP"
PPY	PNP
PRADC1	"C2orf7, hPAP21, MGC13004, PAP21"
PRAP1	UPA
PRB1	"PM, PMF, PMS, PRB1L, PRB1M"
PRB2	"cP7, PRPPRB1, Ps"
PRB3	PRG
PRB4	
PRELP	"prolargin, SLRR2A"
PRG2	"BMPG, MBP, proMBP"
PRG3	"MBP2, MBPH"
PRG4	"bG174L6.2, CACP, FLJ32635, HAPO, JCAP, MSF, SZP"
PRH2	Pr
PRL	
PRLH	PRH
PROC	
PROK1	"EGVEGF, PK1, PRK1"
PROK2	"BV8, KAL4, MIT1, PK2"
PROS1	PROS
PROZ	PZ
PRR27	C4orf40
PRR4	"LPRP, PROL4"
PRSS1	TRY1
PRSS12	"BSSP-3, MRT1"
PRSS16	TSSP
PRSS2	TRY2
PRSS22	"BSSP-4, hBSSP-4, SP001LA"
PRSS23	"SIG13, SPUVE"
PRSS27	"CAPH2, MPN"
PRSS3	"PRSS4, TRY3, TRY4"
PRSS33	EOS
PRSS35	"C6orf158, dJ223E3.1, MGC46520"
PRSS36	FLJ90661
PRSS37	
PRSS38	MPN2
PRSS48	ESSPL
PRSS51	
PRSS53	POL3S
PRSS54	"CT67, FLJ25339, KLKBL4"
PRSS57	"PRSSL1, UNQ782"
PRSS58	TRYX3
PRSS8	CAP1
PRTN3	"ACPA, AGP7, C-ANCA, MBT, P29, PR-3"
PRXL2A	"Adrx, C10orf58, FAM213A, MGC4248, PAMM"
PSAPL1	
PSG1	"CD66f, PBG1, PSBG1, PSGGA"
PSG11	"MGC22484, PSG13, PSG14"
PSG2	"CEA, PSBG2, PSG1, PSGGB"
PSG3	
PSG4	
PSG5	"FL-NCA-3, PSG"
PSG6	
PSG7	
PSG8	
PSG9	"PSG11, PSGII"
PSORS1C2	"C6orf17, SPR1"
PSPN	PSP
PTGDS	"L-PGDS, PGDS"
PTH	PTH1
PTH2	TIP39
PTHLH	"HHM, PLP, PTHR, PTHRP"
PTK7	CCK4
PTN	"HBGF8, HBNF, NEGF1"
PTPRJ	"CD148, DEP1, HPTPeta"
PTPRR	"EC-PTP, PCPTP1, PTP-SL, PTPBR7, PTPRQ"
PTPRS	
PTPRZ1	"phosphacan, PTP18, PTPRZ, PTPZ, RPTPB"
PTX3	"TNFAIP5, TSG-14"
PTX4	C16orf38
PVR	"CD155, HVED, Necl-5, NECL5, PVS, Tage4"
PXDN	"D2S448, D2S448E, KIAA0230, MG50, PRG2, PXN"
PYY	PYY1
PZP	CPAMD6
QPCT	"GCT, QC"
QRFP	"26RFa, P518, prepro-26RFa"
QSOX1	QSCN6
R3HDML	dJ881L22.3
RAET1G	ULBP5
RARRES2	"HP10433, TIG2"
RBP3	"D10S64, D10S65, D10S66, RP66"
RBP4	
REG1A	"PSP, PSPS, PSPS1, PTP, REG"
REG1B	"PSPS2, REGH, REGI-BETA, REGL"
REG3A	"HIP, PAP, PAP1, PBCGF, REG-III, REG3"
REG3G	"LPPM429, PAP1B, UNQ429"
REG4	"GISP, REG-IV, RELP"
RELN	"PRO1598, RL"
REN	
RETN	"ADSF, FIZZ3, RETN1"
RETNLB	"FIZZ2, HXCP2, RELMb"
RGMA	RGM
RLN1	H1
RLN2	"bA12D24.1.1, bA12D24.1.2, H2, RLXH2"
RLN3	"H3, RXN3, ZINS4"
RNASE1	"RAC1, RNS1"
RNASE10	"RAH1, RNASE9"
RNASE11	"C14orf6, RAJ1"
RNASE12	RAI1
RNASE13	RAL1
RNASE2	"EDN, RAF3, RNS2"
RNASE3	"ECP, RAF1, RNS3"
RNASE4	RAB1
RNASE6	"RAD1, RNaseK6, RNS6"
RNASE7	RAE1
RNASE8	RAE2
RNASE9	"h461, RAK1"
RNASET2	"bA514O12.3, FLJ10907, RNASE6PL"
RNLS	"C10orf59, FLJ11218, renalase"
RNPEP	APB
RPTN	FLJ39117
RS1	"RS, XLRS1"
RSPO1	"FLJ40906, RSPONDIN"
RSPO2	MGC35555
RSPO3	"FLJ14440, THSD2"
RSPO4	"C20orf182, dJ824F16.3"
RSPRY1	KIAA1972
RTBDN	FLJ36353
S100A12	"CAAF1, CAGC, CGRP, ENRAGE, MRP6, p6"
S100A13	
S100A4	"18A2, 42A, CAPL, FSP1, MTS1, P9KA, PEL98"
S100A7	"PSOR1, S100A7c"
S100A8	"60B8AG, CAGA, CFAG, CGLA, MRP-8, MRP8, P8, S100-A8"
S100A9	"60B8AG, CAGB, CFAG, CGLB, LIAG, MAC387, MIF, MRP-14, MRP14, NIF, P14, S100-A9"
S100B	S100beta
SAA1	"PIG4, SAA, TP53I4"
SAA2	
SAA4	"C-SAA, CSAA"
SBSN	"HLAR698, UNQ698"
SBSPON	"C8orf84, RPESP"
SCG2	"CHGC, SgII, SN"
SCG3	"FLJ90833, SgIII"
SCG5	"7B2, SGNE1, SgV"
SCGB1A1	"CC10, CC16, CCSP, UGB"
SCGB1C1	RYD5
SCGB1C2	
SCGB1D1	"LIPA, LPHA, MGC71958"
SCGB1D2	"LIPB, LPHB"
SCGB1D4	IIS
SCGB2A1	"LPHC, MGB2, MGC71973, UGB3"
SCGB2A2	"MGB1, MGC71974, PSBP1, UGB2"
SCGB2B2	"SCGB4A2, SCGBL"
SCGB3A1	"HIN-1, HIN1, LU105, PnSP-2, UGRP2"
SCGB3A2	"LU103, PNSP1, UGRP1"
SCN1B	
SCPEP1	RISC
SCRG1	SCRG-1
SCT	
SCUBE1	
SCUBE2	"Cegb1, Cegf1, FLJ16792"
SCUBE3	"CEGF3, FLJ34743"
SDC1	"CD138, SDC, SYND1, syndecan"
SDC4	"amphiglycan, ryudocan, SYND4"
SECTM1	K12
SELENOP	"SELP, SeP, SEPP, SEPP1"
SEMA3A	"coll-1, Hsema-I, SEMA1, SEMAD, SemD"
SEMA3B	"LUCA-1, SemA, sema5, SEMAA, semaV"
SEMA3C	"SEMAE, SemE"
SEMA3D	"coll-2, Sema-Z2"
SEMA3E	"coll-5, KIAA0331, M-SemaK, SEMAH"
SEMA3F	"Sema4, SEMAK"
SEMA3G	"FLJ00014, sem2"
SEMG1	"CT103, SEMG"
SEMG2	SGII
SERPINA1	"A1A, A1AT, AAT, alpha-1-antitrypsin, alpha1AT, PI, PI1"
SERPINA10	"PZI, ZPI"
SERPINA11	
SERPINA12	OL-64
SERPINA3	"AACT, ACT"
SERPINA4	"KAL, KLST, KST, PI4"
SERPINA5	"PAI3, PCI, PLANH3, PROCI"
SERPINA6	CBG
SERPINA7	TBG
SERPINA9	"GCET1, SERPINA11b"
SERPINB1	"EI, ELANH2, LEI, MNEI, PI2"
SERPINC1	"AT3, ATIII, MGC22579"
SERPIND1	"D22S673, HC-II, HC2, HCF2, HLS2"
SERPINE1	"PAI, PAI1, PLANH1"
SERPINE2	"GDN, nexin, PI7, PN1, PNI"
SERPINE3	
SERPINF1	"EPC-1, PEDF, PIG35"
SERPINF2	"A2AP, AAP, ALPHA-2-PI, alpha2AP, API, PLI"
SERPING1	"C1-INH, C1IN, C1INH, C1NH, HAE1, HAE2"
SERPINI1	PI12
SERPINI2	"MEPI, PI14, TSA2004"
SFN	YWHAS
SFRP1	"FRP, FRP-1, SARP2"
SFRP2	"FRP-2, SARP1, SDF-5"
SFRP4	"FRP-4, frpHE, FRZB-2"
SFRP5	SARP3
SFTA2	"SFTPG, SP-G"
SFTPA1	"COLEC4, SFTP1, SP-A, SP-A1"
SFTPA2	"COLEC5, SP-A2"
SFTPB	"SFTP3, SP-B"
SFTPC	"BRICD6, PSP-C, SFTP2, SMDP2, SP-C"
SFTPD	"COLEC7, SFTP4, SP-D"
SHBG	"ABP, MGC126834, MGC138391, TEBG"
SIGLEC6	"CD327, CD33L, CD33L1, OB-BP1, SIGLEC-6"
SIRPD	"dJ576H24.4, PTPNS1L2"
SLAMF1	"CD150, SLAM"
SLIT1	"MEGF4, SLIL1, Slit-1, SLIT3"
SLIT2	"SLIL3, Slit-2"
SLIT3	"MEGF5, SLIL2, Slit-3, SLIT1, slit2"
SLITRK1	"KIAA1910, LRRC12"
SLPI	"ALK1, ALP, BLPI, HUSI, HUSI-I, WAP4, WFDC4"
SLURP1	"ANUP, ARS, ArsB, LY6-MT, LY6LS, MDM"
SLURP2	
SMIM20	"C4orf52, MITRAC7, PNX"
SMOC1	
SMOC2	SMAP2
SMPD1	ASM
SMPDL3A	"ASM3A, ASML3a, FLJ20177, yR36GH4.1"
SMPDL3B	ASML3B
SMR3A	"PBI, PRL5, PROL5"
SMR3B	"P-B, PRL3, PROL3"
SNED1	"FLJ00133, Snep, SST3"
SOD3	EC-SOD
SOGA1	"C20orf117, dJ132F21.1, FLJ44670, KIAA0889, SOGA"
SORL1	"C11orf32, gp250, LR11, LRP9, SorLA, SorLA-1"
SOST	"DAND6, VBCH"
SOSTDC1	"DAND7, DKFZp564D206, USAG1"
SPACA3	"ALLP17, CT54, LYC3, LYZL3, SLLP1"
SPACA5	"dJ54B20.3, LYC5, LYZL5, PNPK6288, SLLP2, UNQ6288"
SPACA5B	LYZL5B
SPACA7	C13orf28
SPAG11A	"EDDM2A, HE2"
SPAG11B	"EDDM2B, EP2, EP2C, EP2D, HE2"
SPARC	"BM-40, ON, ONT"
SPARCL1	MAST9
SPATA20	"FLJ21347, SSP411, Tisp78"
SPESP1	SP-ESP
SPINK1	"PCTT, PSTI, Spink3, TATI"
SPINK13	"HESPINTOR, LiESP6, MGC149260, SPINK5L3"
SPINK14	SPINK5L2
SPINK2	HUSI-II
SPINK4	"MGC133107, PEC-60"
SPINK5	"DKFZp686K19184, FLJ21544, FLJ97536, FLJ97596, FLJ99794, LEKTI, LETKI, NETS, NS, VAKTI"
SPINK6	"BUSI2, MGC21394, UNQ844"
SPINK7	"ECG2, ECRG2"
SPINK8	
SPINK9	
SPINT1	"HAI, HAI-1, MANSC2"
SPINT3	HKIB9
SPINT4	"C20orf137, dJ601O1.1"
SPOCK1	"SPOCK, testican-1, TIC1"
SPOCK2	"KIAA0275, testican-2"
SPOCK3	testican-3
SPON1	"f-spondin, KIAA0762"
SPON2	DIL1
SPP1	"BNSP, BSPI, ETA-1, OPN"
SPP2	SPP24
SPRR2A	
SPX	"C12orf39, MGC10946, NPQ, spexin"
SRGN	"PPG, PRG, PRG1"
SRPX	"ETX1, SRPX1"
SRPX2	SRPUL
SSC4D	"S4D-SRCRB, SRCRB-S4D, SRCRB4D"
SSC5D	"FLJ35258, S5D-SRCRB"
SST	"SMST, SST1"
ST6GAL1	"CDw75, SIAT1"
ST8SIA2	"HsT19690, SIAT8B, ST8SIA-II, STX"
ST8SIA4	"PST, PST1, SIAT8D"
STATH	STR
STC1	STC
STC2	STC-2
SULF1	"hSulf-1, KIAA1077, SULF-1"
SULF2	"HSULF-2, KIAA1247, SULF-2"
SVBP	"CCDC23, MGC45441"
TAC1	"NKNA, NPK, TAC2"
TAC3	"LncZBTB39, LncZBTB39-1:2, NK3, NKB, NKNB, ZNEUROK1"
TAC4	"HK-1, PPT-C, Pptc"
TAFA1	"FAM19A1, TAFA-1"
TAFA3	"FAM19A3, TAFA-3"
TAFA4	"FAM19A4, TAFA-4"
TAFA5	"FAM19A5, TAFA-5"
TCF4	"bHLHb19, E2-2, ITF2, SEF2-1B"
TCN1	"TC1, TCI"
TCN2	"D22S676, D22S750, TC2"
TDGF1	"CR, CR-1, CRIPTO, Cripto-1"
TECTA	"DFNA12, DFNA8, DFNB21"
TECTB	
TEK	"CD202b, TIE-2, TIE2, VMCM, VMCM1"
TEX101	"CT131, MGC4766, SGRG, SPATA44, TES101RP"
TF	"PRO1557, PRO2086"
TFF1	"BCEI, D21S21, HP1.A, HPS2, pNR-2, pS2"
TFF2	SML1
TFF3	"HITF, ITF"
TFPI	"EPI, LACI, TFI, TFPI1"
TFPI2	"PP5, REF1, TFPI-2"
TFRC	"CD71, p90, TFR1"
TG	"AITD3, TGN"
TGFA	
TGFB1	"CED, DPD1, TGFB, TGFbeta"
TGFB2	
TGFB3	"ARVD, ARVD1"
TGFBI	"BIGH3, CDB1, CDGG1, CSD1, CSD2, CSD3, LCD1"
TGFBR2	"MFS2, TBR-ii, TBRII"
TGFBR3	"betaglycan, BGCAN"
TGM2	TGC
THBS1	"THBS, THBS-1, TSP, TSP-1, TSP1"
THBS2	TSP2
THBS3	
THBS4	
THEM6	"C8orf55, DSCD75"
THNSL2	"FLJ10916, SOFAT, TSH2"
THPO	"MGDF, MPLLG, TPO"
THSD4	"ADAMTSL6, FLJ13710, FVSY9334, PRO34005"
THSD7A	KIAA0960
TIMP1	"CLGI, EPO, TIMP"
TIMP2	CSC-21K
TIMP3	SFD
TIMP4	
TINAG	
TINAGL1	"ARG1, LCN7, LIECG3, P3ECSL, TINAGRP"
TLL1	
TLL2	
TMEFF2	"CT120.2, HPP1, TENB2, TPEF, TR"
TMPRSS11E	"DESC1, TMPRSS11E2"
TMPRSS13	"MSPL, MSPS, TMPRSS11"
TMPRSS2	PRSS10
TMPRSS4	"CAP2, MT-SP2, TMPRSS3"
TNC	"DFNA56, HXB, MGC167029, TN"
TNF	"DIF, TNF-alpha, TNFA, TNFSF2"
TNFAIP6	"TSG-6, TSG6"
TNFRSF11B	"OCIF, OPG, TR1"
TNFRSF18	"AITR, CD357, GITR"
TNFRSF1A	"CD120a, TNF-R, TNF-R-I, TNF-R55, TNFAR, TNFR1, TNFR60"
TNFRSF1B	"CD120b, p75, TNF-R-II, TNF-R75, TNFBR, TNFR2, TNFR80"
TNFRSF25	"APO-3, DDR3, DR3, LARD, TNFRSF12, TR3, TRAMP, WSL-1, WSL-LR"
TNFRSF6B	"DcR3, M68, TR6"
TNFSF10	"Apo-2L, CD253, TL2, TRAIL"
TNFSF11	"CD254, ODF, OPGL, RANKL, TRANCE"
TNFSF12	"APO3L, DR3LG, TWEAK"
TNFSF13	"APRIL, CD256"
TNFSF13B	"BAFF, BLYS, CD257, TALL-1, TALL1, THANK, TNFSF20"
TNFSF14	"CD258, HVEM-L, LIGHT, LTg"
TNFSF15	"MGC129934, MGC129935, TL1, TL1A, VEGI, VEGI192A"
TNN	TNW
TNR	
TNXB	"HXBL, TN-X, TNX, TNXB1, TNXB2, TNXBS, XB, XBS"
TOR2A	"FLJ14771, TORP1"
TPSAB1	"TPS1, TPS2, TPSB1"
TPSB2	
TREM1	"CD354, TREM-1"
TREM2	"TREM-2, Trem2a, Trem2b, Trem2c"
TREML4	TLT4
TRH	
TSHB	
TSKU	"E2IG4, LRRC54, TSK"
TSLP	
TSPEAR	"C21orf29, DFNB98, MGC11251, TSP-EAR"
TTR	"CTS, CTS1, HsT2651, PALB"
TUFT1	
TULP2	"CT65, TUBL2"
TWSG1	TSG
TXNDC16	KIAA1344
UCMA	"C10orf49, GRP"
UCN	"UCN1, UI, UROC"
UCN2	"SRP, UCN-II, UCNI, URP"
UCN3	"SPC, UCNIII"
ULBP2	RAET1H
UMOD	
UTS2	"PRO1068, U-II, UCN2, UII"
UTS2B	"U2B, URP, UTS2D"
VASH1	KIAA1036
VASH2	FLJ12505
VASN	SLITL2
VCAM1	CD106
VCAN	"CSPG2, PG-M"
VEGFA	"VEGF, VEGF-A, VPF"
VEGFB	"VEGFL, VRF"
VEGFC	"VEGF-C, VRP"
VEGFD	"FIGF, VEGF-D"
VGF	"SCG7, SgVII"
VIP	
VIT	
VMO1	
VSTM1	UNQ3033
VSTM2A	"MGC33530, VSTM2"
VSTM2L	"C20orf102, dJ1118M15.2"
VSTM4	"C10orf72, FLJ31737"
VTN	VN
VWA1	"FLJ22215, VWA-1, WARP"
VWA2	"AMACO, CCSP-2, FLJ16213, FLJ45857, NET42"
VWA3A	"FLJ40941, FLJ46765"
VWA5B1	FLJ32784
VWA7	"C6orf27, G7c, NG37"
VWC2	"PSST739, UNQ739"
VWC2L	
VWCE	"FLJ32009, URG11, VWC1"
VWDE	FLJ14712
VWF	F8VWF
WDR25	"C14orf67, MGC4645"
WFDC1	PS20
WFDC10A	"C20orf146, dJ688G8.3, WAP10"
WFDC10B	WAP12
WFDC11	WAP11
WFDC12	"C20orf122, dJ211D12.4, WAP2"
WFDC13	"C20orf138, dJ601O1.3, WAP13"
WFDC2	"dJ461P17.6, EDDM4, HE4, WAP5"
WFDC3	"dJ447F3.3, WAP14"
WFDC5	"dJ211D12.5, WAP1"
WFDC6	"C20orf171, dJ461P17.11, WAP6"
WFDC8	"C20orf170, dJ461P17.1, WAP8"
WFDC9	"dJ688G8.2, WAP9"
WFIKKN1	"C16orf12, RJD2, WFDC20A, WFIKKN"
WFIKKN2	"WFDC20B, WFIKKNRP"
WIF1	
WNT1	INT1
WNT10A	
WNT10B	"SHFM6, WNT-12"
WNT11	
WNT16	
WNT2	"INT1L1, IRP"
WNT2B	"WNT13, XWNT2"
WNT3	"INT4, MGC131950, MGC138321, MGC138323"
WNT3A	
WNT4	WNT-4
WNT5A	hWNT5A
WNT5B	
WNT6	
WNT7A	Wnt-7a
WNT7B	
WNT8A	WNT8D
WNT8B	
WNT9A	WNT14
WNT9B	"WNT14B, WNT15"
XCL1	"ATAC, LPTN, LTN, SCM-1, SCM-1a, SCYC1"
XCL2	"SCM-1b, SCYC2"
XYLT1	"PXYLT1, XT-I"
XYLT2	"PXYLT2, XT-II"
ZBED3	MGC15435
ZG16	"hZG16, JCLN, JCLN1, ZG16A"
ZG16B	"HRPE773, JCLN2, PRO1567"
ZP1	ZPB1
ZP2	ZPA
ZP3	"ZP3-372, ZP3-424, ZP3A, ZP3B, ZPC"
ZP4	"ZP1B, ZPB, ZPB2"
ZPBP	"SP38, ZPBP1"
ZPBP2	"MGC41930, ZPBPL"
