gene,Beta
A2M,-0.0176876278975369
AAK1,2.80416845916105
AARS,-2.04527913605202
AARSD1,0.024689316849766
AASDHPPT,-0.00959881539936444
ABAT,-0.241726772967174
ABCB7,-0.392371914791953
ABCB8,0.221214018150008
ABCD3,-0.370287959396789
ABCE1,-0.364478661840457
ABCF1,-0.119196569348842
ABETA,-0.153366950173043
ABHD10,0.409854837409553
ABHD11,0.432868092811643
ABHD12,0.0291152161102993
ABHD14B,-0.277704543080907
ABHD16A,1.05792084992943
ABHD17B,0.0879591094417643
ABHD17C,-0.195270288858737
ABHD6,-0.314843375981625
ABI1,0.869686240278457
ABI2,0.927060694325065
ABLIM1,-1.30279325289087
ABLIM2,0.9279238672870544
ABR,1.5972910167207
ABRACL,0.0897787343314208
ACAA1,-0.593412533849955
ACAA2,-0.0136819229887469
ACACA,-0.295934333020756
ACAD8,0.122232199083523
ACAD9,1.0364507268087
ACADM,0.0256282306535997
ACADS,0.0536580855015101
ACADSB,0.773694794738249
ACADVL,0.269661967177953
ACAN,-0.486578057152332
ACAT1,0.115820713219779
ACAT2,-1.23974503180838
ACBD5,-0.334932300919369
ACBD7,-0.0438622226369805
ACIN1,-0.34880287205961
ACLY,-2.12815135118484
ACO1,-0.863783731856703
ACO2,1.79356541696573
ACOT13,0.945222241049516
ACOT2,0.0777975424075767
ACOT7,1.57289305905339
ACOT9,-0.29516572697362
ACOX1,0.280067942095103
ACP1,0.2927452911464125
ACSBG1,0.0480802215110838
ACSF2,-0.204888271203157
ACSF3,0.00385162874491516
ACSL1,-0.754387975485517
ACSL3,-0.187223412802393
ACSL4,0.0595924461765833
ACSL6,0.345407453714566
ACSS1,0.140578178883165
ACSS3,-0.285009835527228
ACTB,-0.505311952526622
ACTC1,0.0345352236038057
ACTG1,0.426343216149089
ACTL6B,-0.467094567604839
ACTN1,3.13716634093011
ACTN2,1.83096474295265
ACTN4,0.85314007783964
ACTR10,0.142541327327105
ACTR1A,-2.14165383274694
ACTR1B,-0.0300483548101356
ACTR2,0.14276063394648109
ACTR3,-0.232938758891143
ACTR3B,1.86798472947905
ACY1,-0.516708290403508
ACYP1,-0.225891720164949
ACYP2,-0.398294606986655
ADAM10,-0.313444467897571
ADAM11,0.774044599635504
ADAM22,-1.38794785936823
ADAM23,-1.08049306983636
ADAP1,1.33137804275503
ADAP2,0.118754659450625
ADAR,-0.179172873138215
ADCK3,0.259656209407265
ADCY1,-0.0139450609004721
ADCY2,-0.0284011365970505
ADCY9,-0.485626333411905
ADCYAP1R1,-0.393260074820984
ADD1,0.283540526958092
ADD2,2.00995119976928
ADD3,-1.140455848810553
ADH5,-1.16537828708706
ADIRF,-0.278128654909402
ADK,-0.816023359982061
ADO,-0.390247282892405
ADPRHL2,-0.310200148612771
ADRBK1,0.550911077342857
ADRM1,-0.120495901439352
ADSS,0.385653192782217
AFG3L2,1.61362471055674
AGAP1,0.0440235977345524
AGAP2,0.117667143937788
AGAP3,0.964969940370513
AGFG1,-0.474205796731532
AGFG2,-0.164967347476475
AGK,1.78134229348846
AGL,0.17952882161425
AGO1,-0.206707950698396
AGPAT1,-0.145294083029062
AGPAT3,-0.143236144456161
AGPAT5,-0.224771092124915
AGPS,0.195624315156331
AGRN,-1.06214789171689
AGT,-0.18752999987115
AHCY,-0.476010121578778
AHCYL1,1.11642075090955
AHCYL2,0.611799571065751
AHNAK,-0.736039318119083
AHNAK2,0.00877988794160495
AHSA1,-0.97687884939701
AHSG,0.021896640012062
AIDA,0.0204950910086699
AIF1L,-0.600390673201031
AIFM1,1.54123672475628
AIFM3,-0.088016813348639
AIMP1,-0.0296051893386881
AIMP2,-0.0842496232248294
AIP,-1.46779750621553
AK1,-2.21154482189854
AK2,-0.261423468207323
AK3,1.13841086443718
AK4,0.843397176602634
AK5,0.793366421746933
AKAP10,-0.192930522095542
AKAP12,-0.978838452877227
AKAP5,0.585626049631664
AKAP7,-0.314046412111843
AKR1A1,-0.577456082819848
AKR1B1,-1.70414621531548
AKR1C1,-0.287618444677055
AKR1D1,-0.462506607998119
AKR7A2,0.137480962435588
AKT3,-0.37482421782632
AKTIP,0.173616571478834
ALAD,-1.20523751697998
ALB,-0.118024797829899
ALCAM,-0.793330727574796
ALDH18A1,0.231149928304548
ALDH1A1,0.238358750234144
ALDH1B1,0.0187282277140016
ALDH1L1,-0.505177568316708
ALDH2,1.1088626029305
ALDH3A2,-0.718113923176497
ALDH4A1,0.47392240555196
ALDH5A1,2.08672601766786
ALDH6A1,-0.337052139065975
ALDH7A1,-0.406522917265002
ALDH9A1,-0.657386202867003
ALDOA,3.38537610202834
ALDOC,-0.227284790755972
ALG2,-0.110952109100134
ALYREF,-0.376395729245568
AMER2,-0.210884219708261
AMPD2,-1.27235853760182
AMPH,-0.508865435838023
ANK1,-0.397090829520515
ANK2,-0.551769656458463
ANK3,-0.327916321962485
ANKFY1,-1.70905300662796
ANKMY2,0.33061687084197
ANKRD18B,-0.625292230852195
ANKRD24,0.624197712761039
ANKRD29,-0.903311930547059
ANKRD44,-0.345741997086169
ANKS1B,1.74989344335889
ANLN,-0.201360162527979
ANP32A,-1.83573882405369
ANP32E,0.138571471538888
ANXA1,-1.00631111745136
ANXA11,0.0106965008822235
ANXA2,-0.284506188961893
ANXA3,-0.177500030244036
ANXA4,-0.952513982073891
ANXA5,-0.867226877555182
ANXA6,-0.346082328172033
ANXA7,-0.514166280264213
AP1B1,-0.0980451919316947
AP1G1,1.54449176132406
AP1M1,1.13407082286176
AP1S1,0.470536041296017
AP2A1,3.62859172868287
AP2A2,3.04167503608109
AP2B1,2.95213593581518
AP2M1,2.47210092550402
AP2S1,0.752395813865576
AP3B2,4.29179793713604
AP3D1,3.60200439518957
AP3M1,-0.146018909112649
AP3M2,1.47827514331315
AP3S1,0.6191975258013824
APBA1,-0.133603019877499
APBA2,0.161000512218199
APBB1,0.0323896709711425
APEH,0.355794195622289
APEX1,0.247732746536437
API5,-0.6562511928313
APLP1,0.176268812195489
APLP2,-0.322275842039588
APMAP,0.588461500420555
APOA1,0.017173895108825
APOA1BP,0.813906752082195
APOA2,-0.0578856667748937
APOC3,0.137805631425768
APOD,-0.774804367490576
APOE,-0.238830360943475
APOL2,0.153940837542448
APOO,2.13243315872541
APOOL,1.24437041340779
APP,-0.938638660947568
APPL1,-0.273797451336243
APPL2,-0.0661003925038053
APRT,0.159681041358059
AQP4,-0.697755641934749
ARAF,0.212889104533778
ARCN1,-0.976421883170953
ARF3,0.137338821601068
ARF4,0.06978773164535135
ARF5,0.784418043234489
ARF6,-0.129735460880313
ARFGAP1,0.517948239866525
ARFGAP2,1.00943077758133
ARFGEF1,-0.075459754790382
ARFGEF2,0.518460310784854
ARFIP2,0.414086295837893
ARHGAP1,-0.498771755162091
ARHGAP21,0.456407258129608
ARHGAP26,0.605848170262012
ARHGAP32,-0.184470062002033
ARHGAP35,-0.00229397534784967
ARHGAP44,0.714470703815293
ARHGAP5,0.141729506366239
ARHGDIA,1.19302640347309
ARHGDIB,0.0828363368541628
ARHGEF10L,-0.320786384378819
ARHGEF11,-0.0644073862625251
ARHGEF12,-0.469215579389223
ARHGEF2,0.526129266963277
ARHGEF6,-0.391692466956102
ARHGEF7,1.96882237292707
ARHGEF9,-7.56e-05
ARIH1,0.469676803527747
ARL1,-0.00841226102012849
ARL15,0.561304694446483
ARL2,-0.798545924640805
ARL3,-0.146034386404537
ARL6,-0.0585422196541611
ARL6IP5,-0.163295990918363
ARL8A,-0.443282419070525
ARL8B,-1.03837531235254
ARMC1,0.89139470287223
ARMC10,0.418452270578364
ARMCX3,0.0567991856820712
ARPC1A,0.183997107400414
ARPC2,-0.130702825997509
ARPC3,-0.928871469037655
ARPC4,0.145221630605611
ARPC5,-1.216137396997
ARPC5L,1.26430781912507
ARPP19,0.316241959513065
ARPP21,-0.179967337770362
ARRB1,-1.43317890397556
ARRB2,0.141144749610887
ARSB,0.0952775763273381
ASAH1,-0.302950182038634
ASAP1,1.27045862146125
ASAP2,-0.0979559205423867
ASL,0.287465225521124
ASMTL,0.0379632894500423
ASNA1,-0.0163007047065747
ASPA,-0.351734403635365
ASPH,-0.19033406179697
ASPSCR1,-0.171331469882895
ASRGL1,-0.389623234248598
ASS1,-0.0476244749816617
ASTN1,0.135319128798173
ATAD1,-0.0146928438716641
ATAD3A,0.978399229669726
ATAT1,-0.0853384194655785
ATCAY,2.05215112289285
ATE1,-0.189828052149462
ATG2B,-0.135891906307551
ATG3,-1.39257700736946
ATG4B,0.255182927107595
ATG4D,0.0119971805751986
ATG5,0.265360454096469
ATG7,0.456550285671428
ATG9A,-0.177686278007487
ATIC,-2.1221877034709
ATL1,2.36474326667792
ATL2,0.146691860835149
ATL3,-0.171623436645206
ATOX1,0.0523809447575695
ATP12A,1.79458529011282
ATP13A1,0.078941731452835
ATP1A1,1.58203459919487
ATP1A2,1.7055560577672
ATP1A3,1.91450139588558
ATP1B1,1.82972567245759
ATP1B2,0.886776482796331
ATP1B3,0.157131143142492
ATP2A2,1.78314323091004
ATP2B1,1.013257634715809
ATP2B2,0.45101638746518613
ATP2B3,0.0659822204246208
ATP2B4,-0.462143238200053
ATP5A1,0.4799629586987925
ATP5B,0.31485179015125
ATP5C1,1.40702943660427
ATP5D,0.667444971489034
ATP5E,-0.217589271769354
ATP5F1,0.885245393911005
ATP5H,1.91323997465414
ATP5I,0.299195928539242
ATP5J,1.32964982722087
ATP5J2,0.198440884086926
ATP5L,0.629293355700474
ATP5O,1.22844866788612
ATP5S,0.333234552929792
ATP6AP1,0.211182516113154
ATP6AP2,0.163602190164539
ATP6V0A1,2.65890841010962
ATP6V0C,0.209896374577034
ATP6V0D1,3.44497064012699
ATP6V0D2,0.473215779227471
ATP6V1A,3.25774165329973
ATP6V1B2,2.48543261105171
ATP6V1C1,3.32739880799517
ATP6V1D,2.72988966189747
ATP6V1E1,0.607433386312815
ATP6V1F,0.811694609814667
ATP6V1G1,-0.390537807234157
ATP6V1G2,0.905289135640021
ATP6V1H,1.27576841120846
ATP8A1,-1.32754177326769
ATP9A,-0.652255172733091
ATPAF1,-0.146415207439102
ATPIF1,0.207610654747441
ATXN10,-0.160639237335809
ATXN2L,-0.173021479595647
AUH,0.889621012488492
AVL9,1.34409749228084
B2M,-0.235264347368264
B3GALTL,-0.26606544056011
B4DLN1,0.248077799057877
B4GAT1,-0.37859206920344
BABAM1,0.0163485969253682
BAG3,-0.663363581705059
BAG5,0.100966578736027
BAG6,-0.635936387114849
BAIAP2,2.87791284388158
BANF1,0.0892313041301804
BASP1,0.920265577695921
BAX,0.0249508280082209
BBOX1,-0.824230463062599
BCAM,0.456005061692334
BCAN,0.364804217656525
BCAP29,0.293861105017853
BCAP31,-0.169891934791933
BCAS1,-0.544873702163505
BCAS3,0.767590305581243
BCAT1,0.110694983585687
BCKDHB,0.569749848481752
BCKDK,-0.153445879562234
BCL2L1,0.182978328530939
BCL2L13,0.486464515761977
BCL2L2,0.013004519830018
BCLAF1,-0.324749382422656
BCS1L,0.0242151572251675
BDH1,0.829049666165018
BDH2,-0.644151201695019
BECN1,-0.218433348532077
BGN,0.087510370381163
BID,-0.102140464195493
BIN1,0.640613141849855
BLMH,-0.144044171053725
BLVRA,-1.51962751855384
BLVRB,-1.89613916101566
BMPR2,0.129281242371791
BNIP2,0.120557863387277
BNIP3L,0.375027352772182
BOLA2,-0.939776727276327
BPGM,-0.302185645975673
BPHL,0.337880285182848
BPNT1,-0.0825910630137712
BRAF,0.180737237587838
BRCC3,-0.00423371013130908
BRE,0.0263591694235257
BRI3BP,0.169198971864634
BRINP1,0.169874395743357
BRK1,1.02060274558861
BROX,0.115714536017525
BRSK1,1.33177653833777
BRSK2,-0.0864556917039594
BSCL2,1.02648400694568
BSG,0.036486733415001
BSN,2.50059975119042
BTF3,-0.249347080412207
BTF3L4,0.389761479425249
BTN3A3,-0.21724804413276
BUB3,-0.52722658166917
BZW1,-0.759078017822915
BZW2,-0.0628591319261966
C10orf32,0.191090313679916
C10orf35,0.359255835768423
C11orf54,-0.536898028252512
C11orf58,-0.0622316582319172
C11orf68,0.104063311309989
C11orf73,-0.188168756526952
C12orf10,-0.210202650943329
C12orf5,-0.106633118771142
C12orf57,0.304689728531887
C14orf159,0.0383129078556868
C14orf166,-0.988056120133546
C16orf13,0.293781026048027
C16orf45,-0.256683160523432
C16orf58,0.391467439514203
C16orf62,-0.152209864568101
C16orf70,0.724952251301666
C17orf62,0.0868062079635002
C19orf52,0.374601103404224
C19orf70,0.383945502395781
C1QB,0.151652180056642
C1QBP,1.57207221571505
C1QC,0.166026207766249
C1QL3,0.010476417229473
C1orf123,-0.701589956401507
C1orf198,-0.704652622204379
C1orf95,0.370255447631989
C2CD2,-0.735355242190528
C2CD2L,0.342716382331737
C2CD4C,0.572745037697729
C2CD5,0.424751744409661
C2orf47,0.337195058226552
C2orf69,0.203820693832096
C3,-0.24795269579627
C4A,-0.243085412482835
C6orf136,-0.164626605114142
C6orf203,0.107413250916319
C6orf211,-0.099311509206791
C6orf57,0.407625138003198
C7orf55-LUC7L2,-1.04600084745329
C8orf82,0.379140392436026
C9orf172,-0.0750538530052856
C9orf64,-0.403402638218516
C9orf72,-0.483876137631092
CA1,-0.181650263371038
CA2,-0.97652073133738
CA4,0.117088112798025
CAB39,-2.07030701274271
CAB39L,-0.128320382425067
CABP1,0.241017970051611
CACNA1A,0.154228327413524
CACNA1B,-0.0825731606205122
CACNA1E,-0.0850906206534383
CACNA2D1,1.08019435238719
CACNA2D2,-0.198364743420212
CACNA2D3,-0.415567740400211
CACNB3,0.0316970173566151
CACNB4,0.197964337339138
CACNG3,0.14176082103546
CACNG8,0.290161167425002
CACYBP,-1.55098958346072
CADM1,2.28135927104417
CADM2,2.0037094195327
CADM3,2.77233003995051
CADM4,-0.99381271761351
CADPS,0.625108614736026
CADPS2,0.121417684483709
CALB1,0.763200919162569
CALB2,-0.775709237378293
CALCOCO1,0.21927023963022
CALD1,-0.540413588468997
CALM1,-0.480236130716601
CALR,-0.428225661219973
CALU,0.97339940662583
CAMK1,0.406866507968609
CAMK1D,-0.5828323136436
CAMK2A,0.47905718390586927
CAMK2B,0.523394827408791
CAMK2D,0.007195231079350002
CAMK2G,-1.2153864077070662
CAMK2N1,0.514984609707111
CAMK4,0.180133088502414
CAMKK1,0.0390811700888198
CAMKK2,0.780608944940257
CAMKV,0.1297551953671875
CAMLG,0.453136319959025
CAMSAP2,0.187293219370008
CAMSAP3,-0.127205765893906
CAND1,-0.187799918461712
CAND2,0.340715570623336
CANX,-3.07969637878004
CAP1,-1.85219172518881
CAP2,2.1700649974426
CAPG,-0.42773286368988
CAPN1,-2.10194921063605
CAPN2,-1.28492587112687
CAPN5,0.531083136883566
CAPNS1,-1.32851458178179
CAPRIN1,-1.2079240867446
CAPS,-0.240333907696447
CAPZA1,-0.578259621768248
CAPZA2,0.230432477377458
CAPZB,1.4985701644229286
CARHSP1,-0.313930578555264
CARKD,0.790274174286193
CARM1,0.0147374200176333
CARS,0.645752199820433
CARS2,0.0975411880771949
CARTPT,-0.128774209030382
CASK,-0.642241082204631
CASKIN1,2.08045718284225
CAST,-0.309237985096074
CAT,-0.93006546400322
CAV1,-0.101278706837586
CBR1,-1.38866330754018
CBR3,-0.727094852035175
CBR4,0.458483950987564
CBS,-0.305369369463217
CBX1,0.722970750442081
CBX3,-0.461448425459737
CBX5,0.338216429985948
CC2D1A,0.0293597278321557
CCAR2,0.531594587901617
CCBL1,-0.297569523417065
CCBL2,0.071769678492204
CCDC124,-0.257894073033712
CCDC127,-0.029939713288061
CCDC132,0.262866963790136
CCDC136,0.417596822439463
CCDC177,0.156652580507831
CCDC22,-0.125323916186405
CCDC43,-0.235496156418543
CCDC47,-0.21869896716859
CCDC50,0.331072423089925
CCDC58,0.382731312765021
CCDC6,-0.980100792525961
CCDC85A,-0.0671734310192649
CCDC88A,0.166623502726842
CCDC90B,-0.120127126426952
CCDC91,-0.00493685175175654
CCDC92,-0.369047565250644
CCDC93,0.141636612315924
CCK,-0.242093375436017
CCNY,0.940230514391032
CCS,0.528950285363484
CCT2,-1.61710061027633
CCT3,-0.365817040137567
CCT4,-0.185618773086183
CCT5,-1.86013864097867
CCT6A,0.718008482927007
CCT7,1.20405256420695
CCT8,-1.66849398246963
CD200,1.23796596742384
CD44,-0.361319352887011
CD47,1.56819697145352
CD58,-0.275725962765011
CD59,0.116047892020382
CD81,0.513880676805453
CD82,-0.641353585357842
CD9,-0.3011007985523
CD99,-0.461883768357722
CD99L2,-0.1819797426856015
CDC37,-0.11920412885705
CDC42,1.3454344231555075
CDC42BPA,-0.0862835455722961
CDC42BPB,1.47096465255703
CDC42EP1,-0.406487517013853
CDC42EP4,-0.273658553321061
CDC42SE2,-0.546379714954208
CDC5L,0.392111029004743
CDH13,0.0622250188942926
CDH2,-0.770776380904055
CDIP1,0.001979273577412
CDIPT,0.00167205964597949
CDK14,-0.22577611784165
CDK18,0.184033184369465
CDK5,1.22376254626514
CDK5RAP3,0.466153369169589
CDKL5,0.152456773158458
CDKN1B,-0.661217620821683
CDS2,0.94019317502282
CDV3,0.171898116562974
CELF2,0.661892786663397
CEND1,1.42852664946801
CENPV,-0.710847207686973
CEP170,-0.334071969494263
CEP170B,0.34358921469507
CERS1,-0.149373360918156
CETN2,0.0818355832989915
CFL1,0.320091049285464
CFL2,-0.809620558635026
CHCHD2,0.00440900417618884
CHCHD3,1.50531274376925
CHCHD4,0.51226767472271
CHCHD6,1.74636295304122
CHDH,-0.242460735988715
CHGA,-0.969045318176557
CHGB,-0.209715868245479
CHID1,0.0708820968159669
CHL1,0.93945906904089
CHM,-0.0837231435177468
CHMP1A,0.333645805475524
CHMP1B,-0.314148664962972
CHMP2A,0.398057694705037
CHMP3,-0.273088520420516
CHMP4B,0.522057351136884
CHMP5,0.144996725364079
CHMP6,-0.101863187561678
CHMP7,-0.130950574804464
CHN1,0.0195063105064344
CHORDC1,-0.425861039241131
CHP1,0.711205378996976
CHRM1,-0.473474120766907
CIAPIN1,0.443241422210198
CIRBP,0.390763226775106
CISD1,2.51904416278498
CISD2,-0.130145636757329
CISD3,0.485818440223791
CIT,-0.27920302701443
CKAP4,0.0657720315494232
CKAP5,-0.583349709990859
CKB,-1.94549166116087
CKM,-0.215407162800534
CKMT1A,0.541084471929107
CLASP1,-0.983030474057675
CLASP2,2.22536040693065
CLCN4,-0.58273862289813
CLCN6,-0.318912432873387
CLDN11,-0.000476
CLDND1,-0.0440249472429895
CLEC2L,0.466019351959064
CLIC1,-0.478175774404642
CLIC4,-1.03903789167675
CLINT1,0.176074231174247
CLIP1,0.0415602453592998
CLIP2,-1.29277511693299
CLPB,-0.0942360197222971
CLPTM1,0.765588467722794
CLSTN1,0.606967244877818
CLTA,1.89765610684072
CLTB,0.169526538208229
CLTC,3.00219447520948
CLTCL1,0.381167444316536
CLU,-0.971884105942774
CLUH,0.132643436497494
CLVS1,0.167131702718223
CLVS2,-0.00642124786309631
CMAS,0.0116630320499402
CMBL,-0.551102138361238
CMC1,0.0813926231068944
CMPK1,-1.78374451150073
CMTM4,-0.3336140328542
CMTM5,-0.153731853517654
CNBP,0.158187869427781
CNDP2,-2.62752784463463
CNKSR2,0.193656487660771
CNKSR3,0.445084735633815
CNN3,-0.264154001785702
CNNM1,0.0108820084124902
CNOT1,-0.270680457666905
CNP,-0.514999183783073
CNPY2,0.693163633607938
CNPY3,0.00323510721816017
CNRIP1,0.687089762459056
CNTFR,-0.218932150106344
CNTN1,2.78996110576315
CNTN2,-1.13975489639649
CNTNAP1,-1.12176479281757
CNTNAP2,-0.416650770720551
CNTNAP4,0.338507399556612
CNTNAP5,-0.0934656139687367
COA3,0.308216368673489
COA6,0.583584430161023
COASY,-0.7507996982186
COL18A1,0.336881354944138
COL4A1,0.0997590187751257
COL4A2,0.127914955857656
COL6A1,-0.17319385568273
COL6A3,0.00471513605392037
COMMD10,-0.167852088951776
COMMD2,0.153579126000729
COMMD3,-0.170077917006289
COMMD8,-0.245957235572274
COMMD9,-0.460816148739977
COMT,-0.0687114357920719
CON__P00761,0.235526000968445
CON__P01966,0.0680106861231167
CON__P15636,-1.07196504021534
CON__P35908,0.0319346080149718
COPA,-1.45819606098379
COPB1,-1.43030386801711
COPB2,-1.52603323097651
COPE,-0.73741910477628
COPG1,-0.635264215563802
COPS2,1.20258723612276
COPS3,0.919280227561404
COPS4,-0.245156349970564
COPS5,-1.55184238561058
COPS6,-2.19427555080578
COPS7A,0.943938105681482
COPS7B,-0.0631417958466862
COPS8,0.0391006544394666
COPZ1,-0.391219923731382
COQ10B,0.09447532553144
COQ3,0.0893966967215606
COQ5,-0.137410259930658
COQ6,0.13576991958163
COQ7,0.249221840136526
COQ9,0.197243169765842
CORO1A,2.27196825889788
CORO1B,-0.795627272630154
CORO1C,-0.349987696966925
CORO2A,0.00913227355997402
CORO2B,1.71429522292275
CORO7-PAM16,0.259192033566853
COTL1,-1.36343430302026
COX17,0.101533930908861
COX4I1,0.849115118491388
COX5A,1.08822516092982
COX5B,0.475912370965316
COX6A1,0.679429149257707
COX6B1,0.87103819660771
COX6C,0.0859404476571525
COX7A1,-0.231240724437506
COX7A2,1.38213521526755
COX7A2L,0.706555962867785
COX7C,0.0672417158299538
COX8A,0.586355362375644
CP,-0.0772888066156742
CPE,-0.972819374273024
CPEB3,-0.164848299085037
CPLX1,0.193492916782303
CPLX2,0.527768012776189
CPNE1,-0.266381349806053
CPNE3,-0.488944443551417
CPNE4,0.277272806081122
CPNE5,1.15759478953841
CPNE6,-0.569095029824899
CPNE7,0.3691861615458
CPPED1,-0.148862459493112
CPSF6,0.15073132984946
CPSF7,-0.0810604620180879
CPT1A,0.439077985396655
CPT2,0.0854924104228745
CRABP1,-0.212094963197113
CRAT,0.960438015434035
CRBN,0.751740268086753
CREG1,-0.266967973149486
CRELD1,0.163717545447764
CRIP1,0.00632532719823657
CRIP2,1.00739037843046
CRK,-0.986864206149088
CRKL,-0.211740869322425
CRMP1,1.698035704810395
CRNS1,-0.109749634014851
CROCC,-0.2950435632366
CRTAC1,0.0902679153603294
CRTC1,-0.00309867013367062
CRYAB,-0.707641861094881
CRYL1,-1.32062735137816
CRYM,1.10903331416683
CRYZ,0.000218
CRYZL1,0.622512805666743
CS,0.97116735926021
CSDE1,-0.31246016427449
CSE1L,-0.705200225375793
CSK,-0.311581272429497
CSNK1D,-0.522673190983554
CSNK1G2,-0.160818862028918
CSNK2A1,0.886694887506515
CSNK2A2,0.190439623042598
CSNK2B,-0.0516157312127908
CSPG5,0.303247516057885
CSRP1,-1.86811684551784
CST3,-0.221228442347764
CSTB,-0.920850960661002
CSTF2,0.5296986683325
CTBP1,1.55273403329173
CTBP2,-0.0955889609742373
CTNNA2,0.870463360739593
CTNNB1,1.86739995193428
CTNND1,0.658527184752766
CTNND2,0.815400420604038
CTPS1,-0.428644744696024
CTSA,0.029652809559044
CTSB,-0.800767127560541
CTSD,-1.05693133701186
CTSZ,-0.317605720797139
CTTN,1.28286502231292
CTTNBP2,0.121055219034162
CUL1,-0.133974014796018
CUL2,-0.209176858159896
CUL3,1.11402369339735
CUL4A,0.340272381816319
CUL4B,-0.62877283284287
CUL5,-1.58199228636234
CUTA,-0.526777651621695
CXADR,0.19475800229308976
CYB5A,-0.0788340528290031
CYB5B,-0.155932606640988
CYB5R1,1.14628805166255
CYB5R2,-0.145322388726536
CYB5R3,-0.166291905774703
CYBRD1,-0.6083250738945
CYC1,0.624796512312075
CYCS,0.499013810536941
CYFIP1,-0.391189649988583
CYFIP2,1.97641748146396
CYLD,0.261704448601586
CYP46A1,0.457631224391441
CYSTM1,0.281917783316886
CYTH1,0.115271511748671
D2HGDH,0.134280792298345
DAAM1,-0.118573515131019
DAAM2,-0.354824069690807
DAB2IP,-0.207958906897607
DAG1,-0.182858433052815
DAK,-0.392534305925424
DARS,-1.62783900009095
DARS2,0.0532259247571932
DAZAP1,-0.605755928678909
DBI,-1.79654460182128
DBN1,1.25555970214131
DBNL,0.607631992045824
DBT,1.45297662885966
DCAKD,0.0774841608365567
DCLK1,1.98938550358568
DCLK2,1.27869030103067
DCPS,-0.438376196702292
DCTN1,-1.1899505182109
DCTN2,-1.28835959260546
DCTN3,0.239007448472318
DCTN4,0.315800573925407
DCTN5,0.352674395287781
DCTN6,0.0900564601442973
DCUN1D1,-0.538127958378186
DCXR,-0.153487505927301
DDAH1,-1.61751443252594
DDAH2,-1.65356006817344
DDB1,0.591167518413029
DDHD2,-0.24172001210098
DDI2,0.170991116191957
DDOST,0.350734443084498
DDRGK1,-0.730436868975836
DDT,-0.643822575122807
DDX1,-3.62221908884871
DDX17,-2.32246099691767
DDX19A,-0.462209256387391
DDX39B,-1.0062607155158
DDX3X,-0.51506031055865
DDX5,-0.211933782546863
DDX6,0.219773364384639
DECR1,-0.497035100080764
DENND4B,-0.320152901440529
DENR,0.00926446771128353
DEPDC1,1.13827313449152
DFFA,-0.290938108973935
DFNA5,-0.110716869950139
DGKB,1.26369299266347
DGKE,-0.0389495892395144
DGKG,-0.155179215965653
DGKI,0.390362371508225
DGKQ,-0.025232097944188
DGKZ,0.194778692694982
DGUOK,-0.0783729060620045
DHRS11,-0.130538129280106
DHRS7,-0.233779200436324
DHX15,-0.679488150610333
DHX30,-0.40617420013579
DHX36,-0.01549317866733
DHX9,-1.92290153385635
DIABLO,0.654054134626282
DIAPH1,-0.37755753693797
DIAPH2,0.0591810899516228
DIP2B,-0.0687904172107035
DIP2C,-0.129538005065663
DIRAS1,1.21914166711714
DIRAS2,-0.19690872614376
DKK3,-0.786084622255053
DLAT,2.21799386449976
DLD,2.66040221041223
DLG1,0.6707208106101
DLG2,-0.139313113096637
DLG3,1.73787183690565
DLG4,3.34992024554784
DLGAP1,1.37253967456867
DLGAP2,-0.0716565411666587
DLGAP3,0.151845306531394
DLGAP4,-0.0123069749916981
DLST,1.14246222886692
DMD,-0.282244294809295
DMTN,2.0806959026443
DMWD,0.159074456495711
DMXL1,0.131300348569776
DMXL2,3.07189063239533
DNAH3,-0.0127992450367703
DNAH9,-0.0843380997465214
DNAJA1,-1.20157493816297
DNAJA2,-0.701599671355195
DNAJA3,0.352310530241402
DNAJA4,0.163214732499094
DNAJB1,0.207781888761334
DNAJB11,0.206220801455864
DNAJB2,-0.492190045025122
DNAJB4,1.02118795682328
DNAJB6,0.297832288591877
DNAJC11,0.598470834589487
DNAJC5,-0.200007893344436
DNAJC6,4.21324753718362
DNAJC7,-0.0586762574335101
DNAJC8,-0.716183048075987
DNM1,0.44634725159714433
DNM1L,1.889307683891236
DNM2,0.0358187641915081
DNM3,1.58196550263741
DNPEP,-0.044976877929743
DNPH1,-0.226034955923255
DOC2A,0.619092345332081
DOCK3,0.891909491630515
DOCK4,0.10712317821601
DPM1,-0.279519132884757
DPP10,0.860995400746634
DPP3,0.0164075627472956
DPP6,2.43113837569829
DPP7,-0.206610272545194
DPY30,0.109950092868693
DPYSL2,-2.00925793811862
DPYSL3,-0.94087879252089
DPYSL4,0.0704680007797137
DPYSL5,0.0513799313506223
DRG1,-0.0649837739008686
DRG2,0.0311154776930954
DSCR3,-0.0265504581572039
DST,-3.05086565632246
DSTN,1.3870262510995
DTD1,-0.498016632015904
DTNA,-0.504380451954199
DTX3,0.0243570959360157
DUSP3,0.0741648668807172
DUT,-0.0113439861825126
DYNC1H1,-1.10510438122043
DYNC1I1,-0.203967014128157
DYNC1I2,-0.7250195091384375
DYNC1LI1,1.19481278482361
DYNC1LI2,-2.18955464844376
DYNLL1,-0.205052435251404
DYNLL2,1.10954185325517
DYNLRB1,-0.313693400802836
DYNLT3,0.278436910181715
DYRK1A,0.116258009186965
EARS2,-0.182923036271418
ECH1,0.868100469732645
ECHDC1,-0.451337988822947
ECHS1,1.32426304997512
ECI1,0.0308918782807253
ECI2,0.472386635529231
EDF1,-1.17803661558081
EEA1,1.36952229475781
EEF1A1,-1.17425703311635
EEF1A2,-1.23098541711814
EEF1B2,0.0607931688239328
EEF1D,-0.55021025083174
EEF1E1,0.910954133110901
EEF1G,-1.20545258255081
EEF2,-1.79857171047174
EEFSEC,-0.505461525449388
EFHD2,-0.134825771014634
EFR3A,0.00990447184964816
EFR3B,1.08088830688469
EFTUD2,0.522374192718995
EGFR,-0.281853838000272
EHD1,-1.23951813159415
EHD2,-0.674978249008997
EHD3,0.244879347272091
EIF1,-0.294813073152244
EIF1AX,-0.274526303942352
EIF1B,0.0272857027235203
EIF2AK2,-0.214220662643303
EIF2B1,0.279439242593329
EIF2B2,-0.0297029295156823
EIF2B3,0.182189242115921
EIF2B5,0.0917861486079028
EIF2S1,-1.24987624220525
EIF2S2,-0.104132571497546
EIF2S3,-0.321890471782002
EIF3A,-0.395643979993284
EIF3B,-0.652894521460309
EIF3C,0.115839790736553
EIF3D,-0.455406479478761
EIF3E,0.035567149100032
EIF3F,0.0399484431742326
EIF3G,-0.299131633745345
EIF3H,-0.494797172279288
EIF3I,-0.480754672078207
EIF3J,-0.0671401707897203
EIF3K,0.972396089722081
EIF3L,0.121662805312238
EIF3M,0.312371417572945
EIF4A1,-1.35992416075279
EIF4A2,-3.64207143250651
EIF4A3,-0.998890234871517
EIF4B,0.354410512875778
EIF4E,0.0986595537162773
EIF4EBP2,0.43756078755415
EIF4G1,1.39874240210604
EIF4G2,-0.342486245396848
EIF4G3,-0.0713410559427294
EIF4H,1.37527972399543
EIF5,-0.876409823109099
EIF5A,0.14913748178134
EIF5B,-0.481144352518227
EIF6,-0.0985733476896726
ELAVL1,0.163070254224571
ELAVL2,0.325442010519362
ELAVL3,-0.958442681860646
ELAVL4,-0.160469430894857
ELMO1,0.308083758523972
EMC1,0.0213829488061614
EMC2,-0.34440652739604
EMC7,-0.0853510579372011
EMC8,-0.107745838883706
EMD,0.834421749135034
EML2,-0.355724092685322
ENAH,-0.0630359580319182
ENDOD1,-0.290233448371638
ENO1,-1.29071744768786
ENO2,-0.298013821851682
ENOPH1,-0.657261231062887
ENPP6,-0.363026354849714
ENSA,0.450419061489638
ENY2,0.0657756035324022
EPB41,-0.321903719473847
EPB41L1,-0.2953131940904385
EPB41L2,-1.68297166044053
EPB41L3,0.6925071556604511
EPDR1,-0.542313490644527
EPHA4,1.15149884136523
EPHB2,0.265373742717978
EPHX1,0.145058638424067
EPHX2,-0.124006534883295
EPHX4,0.235611589664565
EPM2AIP1,0.50722431997854
EPN1,1.456870344910159
EPN2,-0.0915739389355673
EPN3,0.109655448928578
EPPK1,-0.199888415404951
EPRS,-1.27608755170523
EPS15,-0.176557585672073
EPS15L1,1.84104412675465
ERAP1,-0.0671390785031008
ERBB2IP,0.28133032237963
ERC2,0.0231414894117112
ERGIC1,0.0671190363470867
ERH,-0.839361545201842
ERI3,0.562482064841326
ERLEC1,0.206730923771133
ERLIN2,-1.38311672302274
ERMN,-0.570636930903663
ERO1L,1.00683965486501
ERP29,0.0279771587114853
ERP44,0.244113545614686
ESD,-2.03660142205146
ESYT1,-0.594920743256682
ESYT2,0.321883608339194
ETF1,-1.1841661503042
ETFA,0.702924190980725
ETFB,0.861207049009919
ETFDH,0.291969073550857
ETHE1,-0.4488450337274
EVL,0.562006130452689
EWSR1,-0.0858883905010313
EXOC1,0.167983882935195
EXOC2,-0.00699111746587864
EXOC3,-0.241319996908317
EXOC4,0.0240159614424748
EXOC5,1.21613630262522
EXOC6B,-0.0129047505706445
EXOC7,-0.442072990805768
EXOC8,0.10978884198636
EXOG,-0.0371987327592792
EZR,-1.19613327282331
F13A1,-0.113508976628887
F3,0.0569782370676191
F5H5P2,0.247133989490687
F8A3,0.0385304681116977
F8W031,-0.0884291983600072
FAAH,-0.349593785312373
FABP3,-0.725560459820753
FABP5,-1.40310212550603
FABP7,-0.85311014611752
FAF1,-0.158182247013625
FAF2,-0.0184210985387398
FAH,-0.64961332526485
FAHD1,1.10092876344276
FAHD2A,0.516514314674174
FAIM2,-0.00351528624366929
FAM114A2,0.0259947837347507
FAM120A,-0.517884128086773
FAM126B,0.704140650354862
FAM131B,0.118980856079264
FAM134A,0.178142416061598
FAM136A,-0.00567017045172159
FAM162A,1.6989685890016
FAM169A,-0.163200526104978
FAM171A1,0.535367484687776
FAM171A2,0.709199680397221
FAM171B,0.216066726476397
FAM175B,0.450906706158387
FAM195B,0.373289003791905
FAM208B,0.091341534268786
FAM213A,0.172326637237685
FAM213B,0.568847314119239
FAM21A,0.310340815834619
FAM3C,0.0635798852613347
FAM45A,-0.654832992614935
FAM49A,1.61031447939939
FAM49B,0.944336399546298
FAM81A,0.245037570786621
FAM98A,-0.308003118215126
FAM98B,-0.0804344810176694
FARP1,0.0999871878637657
FARSA,1.66763210947079
FARSB,2.75032322958786
FASN,-2.29170697440675
FAU,-0.0468018542099833
FBL,-0.119655336466963
FBXL16,0.991087600268804
FBXL18,0.115812963052274
FBXL20,-0.366707459449221
FBXO2,-0.745983020167355
FBXO21,0.276878582434144
FBXO41,0.870750275184157
FBXO44,-0.16750962575286
FDPS,-0.957304024144627
FDX1L,0.810792678308416
FDXR,0.143211881418113
FECH,0.299399362775786
FERMT2,-0.315971888037894
FGA,-0.173882910665248
FGB,-0.16429418948735
FGF1,-0.179445559740058
FGF12,-0.0186065540046479
FGFR1OP2,-0.0524967505164795
FGG,-0.180084686584605
FH,-0.510029840546174
FHIT,-0.386775029906501
FHL1,-1.46406048356802
FIBP,-1.33896106744532
FIS1,0.516193510183676
FKBP15,-0.352476397430815
FKBP1A,-0.021503527809435
FKBP1B,-0.0248889917474787
FKBP2,-0.396737853708954
FKBP3,-0.357661355242055
FKBP4,-1.43288009558867
FKBP5,-0.525177500008538
FKBP8,0.50226549523607
FLII,-0.285961759426246
FLNA,-0.552283159527835
FLNB,-0.340336874567986
FLOT1,0.220828918084758
FLOT2,0.485148912028454
FMN2,0.85282096557754
FMNL2,-0.410635657585248
FMR1,-0.0387536828631844
FN3K,-0.514192349717473
FN3KRP,-0.676419907892293
FNBP1,-0.167876999331772
FNTA,-0.0258394579992863
FRRS1L,0.770641800585103
FSCN1,0.290658818570031
FSD1,1.1178204458628
FSD1L,-0.436877543466665
FTH1,0.0417189134059215
FTL,-0.403434604557911
FTO,-0.104902606190206
FUBP1,-0.311138825314654
FUK,0.110938647713951
FUNDC1,0.0838158000126911
FUNDC2,0.387120032467635
FUS,0.610409158912989
FXR1,0.330438213654566
FXR2,-0.243997568019278
FXYD1,-0.528832854677896
FXYD6,0.423072088823023
FYN,0.136543168991032
G3BP1,-0.16239382539526
G3BP2,1.28527200391754
G6PD,-1.48813458392647
GAA,-0.222606388095645
GABARAPL1,-0.51020892793787
GABARAPL2,-1.05100998016995
GABBR1,0.622959313137032
GABBR2,0.956446262653217
GABRA1,1.53108445270777
GABRA3,-0.242317812459433
GABRB1,0.444636876270713
GABRB2,1.04097045132933
GABRB3,0.580090603728591
GABRG2,0.714132997197989
GAD1,0.593394587832362
GAD2,0.737569123344486
GAK,-0.199782592140052
GALC,-0.40868388182833
GALE,-0.459514795672882
GALK1,-0.80433778927695
GAMT,0.00961039696966246
GANAB,0.499760759679018
GAP43,1.61595832284422
GAPDH,-1.5204662333508137
GAPVD1,0.0700750382445634
GARS,-1.51210785334023
GART,-0.24303866388947
GAS7,0.880295179555041
GATM,0.192057194261617
GATSL2,0.337268389468139
GBA,0.341332367210417
GBA2,0.122978208397532
GBAS,0.798274675654125
GBE1,-0.219469614970761
GC,-0.162458211080053
GCA,-0.657510113841857
GCDH,0.490889191227457
GCLC,-1.54524334862914
GCLM,-0.645615579351103
GCSH,0.153829112251151
GDA,1.02064799703577
GDAP1,2.3052547120093
GDAP1L1,1.12563866814778
GDI1,-1.28496112089332
GDI2,-1.50954599899189
GDPD1,0.263373492103872
GET4,-0.149121671772156
GFAP,-0.6096239040640554
GFM1,0.11865352545159
GFRA2,1.08716353020948
GGA3,0.628556898073845
GGCT,0.565989717575461
GGH,0.515618256775966
GGT7,0.5210403087381
GHITM,-0.0128033099720678
GIPC1,-0.74761175496576
GIPC2,0.023661709238202
GIT1,0.627543514872554
GIT2,-0.186227637492294
GJA1,-0.392814722400694
GJB6,0.236133330887311
GK,1.19297590279283
GLG1,0.403162318326867
GLIPR2,-0.623252101449718
GLO1,-2.80665754346669
GLOD4,-2.03661996242399
GLRX,-1.68450752956195
GLRX3,-0.380061864330075
GLRX5,0.468900149870611
GLS,1.61413035825325
GLS2,0.742134795287676
GLTP,-0.533375953480653
GLUD1,0.0146327816885058
GLUL,-0.0360597160993348
GLYR1,-0.148422786690633
GMDS,-0.572897500436065
GMFB,0.189808001171454
GMPPA,-0.210666035379348
GMPPB,-0.789635544866148
GMPR,-0.227733340948183
GMPR2,-0.572111073082424
GMPS,0.461404782112136
GNA11,-1.01348887505681
GNA13,-1.62230077058962
GNAI1,2.82980045076563
GNAI2,0.391967779649986
GNAI3,0.768856803615596
GNAL,-1.00582275331028
GNAO1,0.5389189762571034
GNAQ,-1.9939284175705
GNAS,-0.935223467718059
GNAZ,1.41756735025111
GNB1,0.47311480800113953
GNB2,0.8338405343270071
GNB2L1,0.105115915367877
GNB3,-0.0398872234066202
GNB4,0.252985741607169
GNB5,2.23868556294815
GNG10,-0.283567595538511
GNG12,-0.321453292716337
GNG13,-0.108227968378505
GNG2,0.429781473531983
GNG3,0.0754286884923353
GNG4,0.509753548907297
GNG5,-0.124195605956235
GNG7,0.23088447201085
GNL1,0.511484022931264
GNPDA1,-1.4196841900833
GNPDA2,-0.221466322889462
GOLM1,-0.323015863170816
GOPC,0.247949269422224
GORASP2,-0.59886549080554
GOSR2,0.00103643115639691
GOT1,-2.26390031849227
GOT2,0.164048265750184
GPC1,0.245962163101517
GPD1,-0.56172086660762
GPD1L,-0.0887127518854661
GPD2,0.0624739818589656
GPHN,0.947120850241045
GPI,-1.1239810594999
GPM6A,1.51010600498407
GPM6B,1.0547657366092995
GPR158,0.0983666713611525
GPR37L1,0.430540285791206
GPRC5B,-0.372734972998854
GPRIN1,0.166984634256081
GPS1,0.275891467855669
GPSM1,0.0451466991775475
GPX1,-0.320802515373594
GPX4,-0.213506795978713
GRB2,-3.72624591820375
GRHPR,-0.936271959349089
GRIA1,0.392514543218345
GRIA2,1.73598558464413
GRIA3,0.9521303159286805
GRIA4,0.2112426490732
GRIK2,0.406845871025565
GRIN1,0.321594605645772
GRIN2A,0.102329319302883
GRIN2B,0.566144494295926
GRIPAP1,1.18679040773513
GRM1,-0.132132201346962
GRM2,0.60495082813301
GRM3,1.77625184695168
GRM5,-0.325462430205965
GRM7,-0.173878179546681
GRPEL1,0.255843600523457
GRSF1,-0.3690623768533
GSK3A,0.465505609960663
GSK3B,2.89372689810077
GSKIP,0.0849713226012239
GSN,-1.26400490768835
GSPT1,-0.86488719867666
GSR,0.406078770909701
GSS,0.323889974945622
GSTK1,-0.30618992137178
GSTM1,-0.069688401945938
GSTM2,-0.488994106527373
GSTM3,-0.30489906004969
GSTM5,0.0248235385960961
GSTO1,-0.756623550840272
GSTP1,-1.70014100273337
GSTT1,0.00687736624171267
GSTT2B,-0.0382962899827068
GSTZ1,-0.172429080922802
GTPBP1,0.285895265077173
GUCY1A2,0.0138639972320481
GUCY1A3,0.0320608640853882
GUCY1B3,0.428312991944534
GUK1,0.0057427770068467
GYG1,-0.357646159323235
GYS1,-0.146209836735148
H0Y858,-0.27226500762829
H0YIV9,0.094195571341995
H1F0,-0.440632748412025
H1FX,-0.329636437253533
H2AFV,-0.889187117944639
H2AFX,-0.492101754398506
H2AFY,-1.18152281506062
H2AFY2,-0.224186863866267
H3BN98,0.508499680864497
H3F3B,-0.666285265096443
HABP4,0.316769599779842
HADH,1.17220139934365
HADHA,-0.295380551478539
HADHB,-0.362863737602142
HAGH,2.10407355600917
HAPLN1,-0.710361981051827
HAPLN2,-0.559824464567045
HAPLN4,-0.0923309704177271
HARS,-0.0961732025557903
HAX1,-0.0474568304270469
HBA2,-0.412367727757948
HBB,-0.445976455697993
HBD,-0.277768187520785
HBG2,-0.0907237024573019
HBS1L,-0.576398042621672
HCN1,0.635514133194148
HCN2,-0.0334346322617986
HDAC2,-0.204722574793128
HDDC2,-0.125179889350695
HDGF,-1.3314606483983
HDGFRP2,-0.448462542880595
HDGFRP3,-0.409412367133445
HDHD1,-0.280166841354444
HDHD2,-0.7538132358985781
HDHD3,0.133130992489221
HDLBP,0.0309715318186767
HEATR5B,0.123475341864352
HEBP1,-0.708473651225018
HEBP2,-0.774276281647757
HECTD3,-0.145616150939309
HECTD4,0.161020407890615
HECW2,0.239577802725982
HEPACAM,-0.521922971815036
HERC4,0.26095053505405
HEXB,-0.186487828517645
HGS,1.97876355096584
HHATL,0.122430891273277
HIBADH,0.121309743396497
HIBCH,-0.528557486067004
HIGD1A,0.469337374032375
HIGD2A,-0.174027948009374
HINT1,-0.708223705147477
HINT2,0.735274289716781
HINT3,-0.296061995198868
HIP1,-0.34822246255528
HIP1R,-0.0900909925112508
HIST1H1C,-0.0622396974716164
HIST1H1E,-1.08200414119016
HIST1H2AC,-1.53866567745474
HIST1H2BM,-1.10697354487723
HIST1H4A,-1.19641433266178
HIST2H2AA4,0.018222630441546
HIST2H2AB,-0.510879402707067
HIST2H2BE,-1.54092114962613
HIST2H3PS2,-0.660943761754169
HK1,5.27730305689284
HKDC1,0.0117950631251757
HLA-A,0.334833822378031
HLA-B,-0.104676208676231
HMGB1,-0.879192215405617
HMGB2,0.0374965494342062
HMGCL,-0.103377207970845
HMGCS1,-0.13463946066396
HMGN2,-0.275915963552758
HMOX2,0.630929808358971
HN1,0.710280708012779
HNMT,-0.429807381011517
HNRNPA0,0.20014666280747
HNRNPA1,-0.531635044083427
HNRNPA2B1,-2.21038747141428
HNRNPA3,-0.714535074200753
HNRNPAB,-0.612745022790191
HNRNPC,-1.51573968950137
HNRNPD,0.0229266310441486
HNRNPDL,0.582860935324761
HNRNPF,-0.850671845534712
HNRNPH1,-0.615900506897897
HNRNPH2,-0.852803445862931
HNRNPH3,-1.51096592271388
HNRNPK,-1.0444226405895336
HNRNPL,-1.41520104974671
HNRNPLL,0.434273820538379
HNRNPM,-1.97634200488241
HNRNPR,-1.38078897666251
HNRNPU,-0.793486179806382
HNRNPUL1,-0.0815007582347188
HNRNPUL2,-0.311989129462713
HOMER1,2.25259847076594
HOOK3,0.0307301260139792
HOPX,-0.0682792666166937
HP,-0.0371492559847157
HP1BP3,-0.993840054928665
HPCA,1.53643099797151
HPCAL1,1.58245356868728
HPCAL4,0.0598686514203661
HPRT1,1.72153975666806
HPX,-0.0948295052951835
HRAS,0.768833606758406
HRSP12,0.0273821851493186
HSBP1,-0.102141180511942
HSD17B10,-0.406317601839015
HSD17B11,-0.0260166076316488
HSD17B12,-0.359775239841764
HSD17B4,-1.27751057539683
HSD17B8,-0.307227307413062
HSDL1,0.207618144533271
HSDL2,-0.928710426344633
HSP90AA1,-1.30335799979551
HSP90AB1,-1.0644775030619
HSP90AB2P,-0.468496464424682
HSP90AB4P,-0.126642775045058
HSP90B1,-0.595017585498738
HSPA12A,-0.0673656744596451
HSPA12B,0.0969309264128402
HSPA1B,-1.13291326321772
HSPA2,-1.19386543046136
HSPA4,-0.453178395104383
HSPA4L,-0.135961559260739
HSPA5,-1.09391776003053
HSPA6,0.0137467961511858
HSPA8,-0.4099522637624474
HSPA9,0.144187489016401
HSPB1,-1.0056587081192
HSPB6,-0.755609217375867
HSPB8,-0.177595860911634
HSPBP1,0.278206099802564
HSPD1,2.004371216694
HSPE1,-0.0616398924784731
HSPE1-MOB4,0.848895629490485
HSPG2,0.256245961632527
HSPH1,-0.302324174652504
HTATSF1,-0.180638342357436
HTRA1,-0.129584026003291
HTRA2,-0.107039474848698
HTT,0.236836368563303
HUWE1,0.568901994283469
HV305,-0.14024369752888
HYOU1,1.44211714704304
IAH1,-0.162856560705429
IARS,1.48402394394538
IARS2,0.677764363134021
ICA1,0.537514848085474
ICAM5,0.750427424110933
IDH1,-1.16146604247996
IDH2,2.86438330676875
IDH3A,1.54211558244562
IDH3B,1.08747685550524
IDH3G,1.66549541680157
IDI1,0.426798030480099
IDS,0.134687192850443
IGBP1,0.234984748823477
IGHA1,-0.0924194027969522
IGHG1,-0.139552860924303
IGHG2,-0.101668114011836
IGHG3,-0.0694201808735813
IGHG4,-0.0554539316409743
IGHM,-0.0200233575607442
IGKC,0.111074591260752
IGKV3-11,-0.125601735350709
IGLC2,-0.107445960208033
IGLON5,-0.0478302489173632
IGSF21,-0.427389155842551
IGSF8,1.00727434150016
IGSF9B,0.113943581632765
ILF2,-2.36765792161076
ILF3,-2.73605891654787
ILK,-0.63478422723871
ILVBL,-0.684754268451249
IMMT,1.1845265961950657
IMPA1,-2.43567165909991
IMPAD1,-0.537223008702746
IMPDH2,0.0249682790098746
INA,-1.31505997804948
INF2,0.0406068846527234
INPP1,-0.225191747765942
INPP4A,0.267542242598494
INPP5A,0.418689614199681
INPP5K,-0.114764603512255
IPO5,1.09857527227946
IPO7,0.591470984633654
IPO9,-0.101209111954674
IQGAP1,-0.540803225295992
IQSEC1,1.01030802323859
IQSEC2,-0.233419792763602
IRGQ,0.731483314514596
ISCA1,0.198195248148383
ISCA2,0.658559839145031
ISCU,1.47797056860874
ISOC1,-0.485039141565121
ISOC2,-0.125641346538753
IST1,-0.249949690545277
ISYNA1,-0.312333870290528
ITCH,0.303570948168432
ITFG1,0.285879511014329
ITGA6,-0.437399432235806
ITGA7,-0.286288853566944
ITGAV,-0.906745570126855
ITGB1,-0.610724373390531
ITGB8,-0.904348455935967
ITIH4,-0.148317153934646
ITM2B,-0.0648870801285313
ITM2C,0.119654502500065
ITPA,0.20013828506499
ITPK1,0.628480556593207
ITPKA,0.547275445475899
ITPKB,-0.768856079998631
ITPR1,0.0901221987069882
ITPR2,-0.132981978149204
ITPR3,-0.245585096515035
ITSN1,1.03024353784821
ITSN2,0.846949329799376
IVD,0.43243442064627
JAM2,-0.244382372847903
JAM3,-0.269886419175676
KALRN,0.302585936088712
KARS,-1.53194865981211
KATNAL1,0.544503040691619
KATNAL2,-1.16766442702682
KATNB1,0.603785638584645
KBTBD11,0.717633424497167
KCMF1,-0.155658018830696
KCNA1,-0.353841127056794
KCNA2,-0.957110462285229
KCNAB2,-1.31433902757142
KCNC1,0.0303509845666379
KCNC2,0.0263664559752596
KCNC3,-0.438797918967673
KCND3,-0.118668813576879
KCNIP2,-0.0776303735292342
KCNIP4,0.164249891547331
KCNMA1,0.21816356662699
KCNQ2,0.191146988367286
KCTD12,-0.403639266511377
KCTD16,0.385826089993644
KCTD8,0.0906292088439825
KDSR,-0.106686151581425
KHDRBS1,-0.25138119848132
KHDRBS3,0.117054615781434
KHSRP,-0.816858781711476
KIAA0195,-0.130566817221053
KIAA0196,-0.271018646807863
KIAA0368,-0.00297842450368172
KIAA0513,1.37260456512147
KIAA1033,-0.151098512630621
KIAA1045,2.97243939037635
KIAA1107,0.589429692842286
KIAA1211L,0.814192778802222
KIAA1217,0.196144930795343
KIAA1244,1.1517871608603
KIAA1279,0.00980564830454942
KIAA1468,1.48130919193253
KIAA1549L,0.801825209136536
KIAA1598,-0.310400327796749
KIF1A,0.211380783688454
KIF21A,1.50353504054267
KIF2A,0.232084653494022
KIF3A,-0.1743857189419
KIF3B,-0.197462794026303
KIF4B,-0.0595878972918742
KIF5A,-0.0102095941001584
KIF5B,-1.65013975156793
KIF5C,3.48618393566544
KIFAP3,-0.0768018134548066
KITM,0.244537145296763
KLC1,0.519122402405484
KLC2,1.15349384013543
KPNA1,-0.785990044491011
KPNA3,0.0530358635852176
KPNA4,0.229580576200395
KPNA6,0.140437195108991
KPNB1,-1.1237694297308
KRAS,3.0943381058272
KRT1,0.0102797470533024
KRT10,0.0262682922423502
KRT5,0.0613996165625012
KRT9,0.00248031172421595
KTN1,-2.79457201313023
KV307,-0.0711350489223407
L1CAM,-0.11199951486632201
L2HGDH,0.227865238679319
LAMA2,-0.196956784609415
LAMB2,-0.436632970358687
LAMC1,-0.0965282876356701
LAMP1,-0.385307985420592
LAMP2,-0.0118789887520888
LAMTOR1,-0.651535884317748
LAMTOR2,-0.556134718272046
LAMTOR3,0.0469623206973542
LAMTOR5,-0.364401853218129
LANCL1,-2.70742523706583
LANCL2,0.239181015565749
LARP1,-0.0567977195760902
LARS,0.921679094145576
LARS2,0.0566619492146353
LASP1,0.550481973076381
LCMT1,-0.674891855711579
LCP1,-0.59707542368966
LDHA,1.60677121894752
LDHB,-2.90150080234375
LDHD,-0.0851889123916304
LETM1,3.5059753337118
LETMD1,0.306633662316141
LGALS1,-0.304305308331622
LGALS3,-0.276028805185129
LGALS3BP,-0.380232544085393
LGALSL,1.35546355299186
LGI1,-0.0449737835906396
LGI3,-0.520088377786873
LGI4,-0.815765148766454
LHPP,-1.00829221678116
LIMCH1,-0.302916280969347
LIMK2,-0.310782090903077
LIMS1,-0.300110118224413
LIN7A,1.14042888954891
LIN7B,-0.0480019530294503
LIN7C,-1.31267613573072
LINGO1,1.43234355646177
LIPE,-0.0929542333413039
LLGL1,-1.63927260441554
LMAN1,-0.575759531448632
LMAN2,0.0634833932013742
LMBRD1,-0.0128343101624029
LMBRD2,0.0577078489873706
LMNA,-1.88109054398143
LMNB1,-0.478199778093429
LMNB2,-2.09480559225231
LMO7,0.160826610843411
LNP,0.683712523615391
LNPEP,-0.0210209333398517
LOC102725415,-0.210428366835554
LONP1,0.263845272863283
LPCAT1,0.247226486421995
LPCAT4,0.0491286042091906
LPGAT1,0.40985028413251
LPHN1,0.630474752512233
LPHN3,0.0770624035148206
LPP,-0.457249623844236
LRBA,0.0859739791426661
LRP1,-1.00710879208663
LRPAP1,-0.166690122535696
LRPPRC,1.61724946948309
LRRC16A,-0.100672215050508
LRRC20,-0.353393776764034
LRRC40,0.298363925489723
LRRC47,0.518900365797188
LRRC4B,0.402749728257024
LRRC57,1.73477593876232
LRRC59,0.499010758291915
LRRC7,0.110296934058228
LRRC75A,-0.0385569664753268
LRRC8A,-0.340064393680702
LRRFIP1,0.313338250038835
LRSAM1,0.357932228850914
LSAMP,0.243624186313802
LSM1,0.170070292825827
LSM12,0.0350684951954157
LSM14A,-0.407316434849068
LSM2,0.371847032833827
LSM3,-0.409381884307337
LSM4,-0.0270333760044781
LSM8,-0.265187123241138
LTA4H,-1.64294168069294
LUZP1,0.0234864055066354
LY6H,0.350220913315348
LYNX1,0.280006108608303
LYPLA1,0.0464874842619604
LYPLA2,-0.0270259004037554
LYPLAL1,0.255648688085184
LYRM4,0.286856995017004
LYRM7,0.310359241121421
LYRM9,0.126284551016775
LYSMD1,0.477895367507382
LYSMD2,-0.00206065199088753
LZIC,-0.312248332591507
LZTFL1,0.0840693861878851
LZTS1,-0.196731125798479
LZTS3,-0.167096381793013
M6PR,0.582081640532333
MACF1,-3.65854149207233
MACROD1,-1.0034160338264
MACROD2,-0.0320672425994336
MADD,0.561169145987371
MAG,-0.767441963772077
MAGI2,0.0765580667601832
MAGOH,0.0620585319533163
MAL2,0.795580556315006
MAN2C1,-0.322146501869923
MANF,-0.192639855833722
MAOA,0.197920227179323
MAOB,-0.91535675339938
MAP1A,-0.658122248903884
MAP1B,0.768975922986861
MAP1LC3A,0.059951747975129
MAP1LC3B,-0.277877046060845
MAP1S,0.5261835587494
MAP2,0.7755959364672524
MAP2K1,-1.7681322577611
MAP2K2,-1.18781574871002
MAP2K4,0.0519984109097939
MAP2K6,-0.601083733562458
MAP4,-0.3947318347107225
MAP6,1.07719659112765
MAP6D1,-0.595060689669419
MAP7,0.343484740785384
MAP7D1,0.459825501233333
MAP7D2,-0.057439627217172
MAPK1,-0.9741835858076
MAPK10,-0.143644451655825
MAPK1IP1L,0.470676147919252
MAPK3,-1.20543183940992
MAPK8IP3,0.555272887789648
MAPK9,0.514449005479362
MAPRE1,-1.15070440264449
MAPRE2,0.383094033413041
MAPRE3,0.8851709073434348
MAPT,-0.9077610473179869
MARC2,0.493807729017346
MARCKS,-0.0827180402186102
MARCKSL1,-0.20316442070089
MARK1,0.895712681049374
MARK2,0.331171495736182
MARS,-0.552390734950925
MAST1,-0.731780213299352
MAST3,0.229260332140886
MAT2A,-0.881153246697157
MAT2B,-0.396211626522106
MATR3,-1.35842484995918
MBLAC2,0.540643560523736
MBOAT7,0.591245657264672
MBP,-0.3254578551422738
MCAM,0.111403925269889
MCCC1,0.0360427624031554
MCCC2,-0.0410336774935251
MCEE,-0.21479391850794
MCFD2,-0.0055537332013189
MCTS1,0.596270993090089
MCU,0.989386252189768
MDH1,-1.0793956006514986
MDH2,3.40702767520491
MDK,-0.18511564730127
MDN1,0.0910908257189059
ME1,0.162586687601394
ME2,0.497209532622107
ME3,0.434306187939434
MECP2,-1.10124701933746
MECR,1.32797333371437
MESDC2,-0.378911367358555
METAP1,-0.225726994212577
METAP2,-0.260650674891804
METTL7A,-0.463247826313819
MFF,0.550032843582103
MFN2,1.2098987839722
MFSD4,0.161038674205093
MFSD6,0.272129645554761
MGEA5,-0.0202801770680961
MGLL,1.28289010973189
MGST1,-0.444194481545764
MGST3,1.04750736471107
MIA3,0.136876408369111
MICAL3,0.690813752657656
MICU3,-0.0317021609560044
MIEN1,-0.156391984066068
MIF,-0.541503026059795
MINK1,2.11994459336277
MINOS1,0.728260211307617
MKKS,0.456906332456306
MKL1,-0.609196631780456
MKL2,-0.0409702282921446
MLC1,-0.315091150258984
MLEC,1.04814464260645
MLF2,0.0575486201298174
MLLT11,0.0193566819898746
MLLT4,0.394027014498386
MLST8,-0.312649038234228
MLYCD,-0.226818290089576
MMAB,0.0412350426331136
MMS19,0.20867115504434
MOB1A,-0.876729104821217
MOCS2,0.267230572807388
MOG,-0.279128246104499
MOGS,-0.255811642183236
MON2,0.0614813233197733
MOXD1,-0.102624217882367
MPC1,0.227347099383857
MPC2,0.113324653598354
MPDU1,-0.0178858686446386
MPI,-0.399787091959101
MPP1,-0.185125748157664
MPP2,0.485491480547303
MPP5,-0.225312110710183
MPP6,-0.980151378242169
MPRIP,0.04666787433354852
MPST,-0.601844174654881
MPV17,0.0870665802063833
MRAS,0.214722582129241
MROH1,-0.254926923380789
MRPL1,-0.101575171695571
MRPL4,0.00676556210631246
MRPL44,0.393170846112341
MRPL49,0.193316046198674
MRPS22,0.177366818280728
MRPS23,0.312112122685841
MRPS27,0.178335054643241
MRPS30,-0.284105736835926
MRPS36,1.33769736735492
MRPS9,0.48422899566115
MSI2,-0.216793151312648
MSMO1,-0.122007639261204
MSN,-2.05364806651496
MSRA,-0.502956968086456
MT-ATP6,0.512206125405089
MT-ATP8,0.0434907448173593
MT-CO1,0.314028880686079
MT-CO2,0.687448381046591
MT-CO3,0.236003459913628
MT-ND1,0.254843604017283
MT-ND2,0.648219910630064
MT-ND3,0.294544400109323
MT-ND4,-0.0784926436117768
MT-ND5,0.620564456277448
MT1E,0.0155452707347564
MT2A,-0.235964947488748
MT3,0.666785315598524
MTAP,-0.815883010756725
MTCH1,0.602931504314056
MTCH2,1.83047731061241
MTDH,0.172484132701061
MTFR1L,1.00657274314494
MTHFD1,-2.28198794054377
MTM1,-0.264045288969621
MTMR1,-0.062856342944301
MTMR10,-0.350757565556628
MTMR12,0.217231418571109
MTMR2,0.206257158682431
MTMR9,-0.292433905270261
MTOR,-0.217486217771305
MTPN,-0.028107495685184
MTSS1L,-0.0610754469467378
MTURN,-0.969992847440159
MTX1,0.494115802298661
MTX2,2.35666716077668
MTX3,0.732480302538811
MUT,0.374434373131952
MVD,-0.470382956602934
MVP,-0.170116111851825
MX1,0.0215725630303841
MXRA7,-0.005051868600707998
MYADM,-0.227935935575141
MYCBP2,-0.0756938260667511
MYDGF,-0.053185764625222
MYEF2,-0.48719082510578
MYH10,0.260277150887225
MYH11,0.0211664912190779
MYH14,-0.91695717702709
MYH4,-0.269961019522863
MYH9,-0.697057693972955
MYL12A,-1.33879915478671
MYL3,-0.254293804933775
MYL6,-0.526016793961571
MYL6B,-0.668014503337204
MYLK,0.0295607674695311
MYO18A,-1.63704959913184
MYO1B,0.118308568478396
MYO1C,-0.241193549511564
MYO1D,-0.333296253530472
MYO5A,3.38897536657545
MYO6,-0.240022635021853
NAA10,0.0318920805533906
NAA15,-0.258082159426461
NACAM,0.184160687746418
NADK2,-0.07556001638714
NAE1,-0.708415807674975
NAGK,-1.11521205018049
NAMPT,-0.3285972854176
NANS,-0.693726176834344
NAP1L1,-0.323595037842406
NAP1L4,-1.33593956034912
NAP1L5,0.562857865393635
NAPA,1.54474630941605
NAPB,0.370276870189379
NAPEPLD,-0.15453852940352
NAPG,2.53236606703973
NARS,0.259216980812184
NAT8L,0.28041022415906
NBAS,-0.122761509377919
NBEA,0.820447327417574
NCALD,0.651245614669426
NCAM1,0.7517337948592671
NCAM2,-0.933975971372799
NCAN,0.866529455827854
NCDN,-1.045520588825446
NCEH1,0.237050670548167
NCK2,-0.549358766321365
NCKAP1,1.07428086203165
NCKIPSD,1.09521448929848
NCL,-1.03975541080959
NCLN,-0.128474856195797
NCOA7,0.0048786515409738
NCS1,-0.430311563152245
NDEL1,-0.0736637243367764
NDRG1,-0.664514589727204
NDRG2,0.6045104013711995
NDRG3,0.234668995541682
NDRG4,-0.04491334025038
NDUFA10,2.62465514234192
NDUFA11,1.17133700004684
NDUFA12,1.50234526286175
NDUFA13,0.632765034109774
NDUFA2,1.5261506660837
NDUFA3,0.718432459513726
NDUFA4,0.743955891288981
NDUFA5,1.49418682633353
NDUFA6,1.21974910109944
NDUFA7,1.80390004329035
NDUFA8,1.79216874604731
NDUFA9,1.73788944124865
NDUFAB1,-0.546876242018176
NDUFAF2,-0.479941176299415
NDUFAF3,0.150004400819495
NDUFAF4,0.763713273365737
NDUFAF6,-0.125532665385877
NDUFAF7,0.081615802942884
NDUFB1,0.898987091169288
NDUFB10,0.511256487347603
NDUFB11,1.33400868839175
NDUFB2,0.821102229722631
NDUFB3,1.59903648307003
NDUFB4,1.2086917747385
NDUFB5,1.86805848920064
NDUFB6,0.00244243817643765
NDUFB7,0.80347723983401
NDUFB8,0.257040138767204
NDUFB9,1.43725972244894
NDUFC1,0.282506450498502
NDUFC2,2.13396959287603
NDUFS1,2.08718311306021
NDUFS2,2.14792404221311
NDUFS3,1.34562048109219
NDUFS4,0.906265628289971
NDUFS5,1.62305881171777
NDUFS6,0.562014034957347
NDUFS7,0.476605569943908
NDUFS8,1.13249118578179
NDUFV1,1.93634224749295
NDUFV2,2.04569670633943
NDUFV3,0.142929187287503
NEBL,-0.848533147589761
NECAB1,1.86836517469161
NECAB2,0.526270473781721
NECAP1,1.41870528663576
NEDD4L,0.331665076147988
NEDD8,-0.174801692272631
NEDD8-MDP1,-0.238044271569438
NEFH,-0.71879123948166
NEFL,-1.10032785782651
NEFM,-1.03778537043641
NEGR1,0.39444920964536
NEO1,0.158064488472213
NES,0.398237193593794
NF1,0.284339999599777
NFASC,-0.01601364894014201
NFS1,0.967301307402807
NFU1,0.160917405780411
NGEF,0.5205724642380926
NHP2L1,0.0774776819101511
NID1,0.381111332419176
NID2,-1.04029067110707
NIF3L1,-0.314654218355226
NINJ2,-0.387456780371337
NIPSNAP1,1.63797973058521
NIPSNAP3A,-0.0743071609021055
NISCH,-0.639745777463748
NIT1,-0.220548279853515
NIT2,0.677119526675043
NLGN2,0.0565416038125103
NLN,0.128568714313515
NME1,-0.538316380403685
NME2,-0.306752212756256
NME3,0.301971140324378
NMT1,0.019992117031878
NNT,2.81132630818186
NOL3,-0.159857112648005
NOLC1,-0.363215282190826
NOMO2,-0.352446747259395
NONO,-0.500301493743402
NOP56,-0.617990922148601
NOP58,-0.15906250398793
NOVA1,-0.266610293965485
NOVA2,0.265153340504326
NPC1,0.141605191680647
NPC2,-0.461862984559652
NPDC1,-0.0424687371641159
NPEPPS,-3.24626426993458
NPLOC4,-0.40615408874957
NPM1,-0.713954394626447
NPTN,0.79875057516151
NPTX1,-0.68532154919812
NPTXR,0.323508089954338
NPY,-0.171596301370644
NQO1,-0.186150031579224
NQO2,-0.0250191592941366
NRAS,0.551843671369621
NRBP1,0.570816705198458
NRBP2,-0.239678886935156
NRCAM,2.54647255536767
NRGN,0.230457564135784
NRN1,0.905375494844802
NRXN1,-0.673470639034649
NRXN2,0.22166345450046
NRXN3,0.0696592304523891
NSDHL,-0.0589771657227824
NSF,0.3645839791468743
NSFL1C,-2.4519386882722
NT5C,-0.392927140494069
NT5C2,-0.105711040781531
NT5DC1,-0.210559052589696
NT5DC3,0.763001414843382
NT5E,0.287012932239586
NTM,-0.474012157614744
NTMT1,-0.0937924220401273
NTNG2,-0.0288352101718001
NTPCR,-0.218139300058901
NTRK2,0.0146309960829454
NTRK3,0.393129953749364
NUAK1,0.470294491290215
NUBPL,0.417281185358539
NUCB1,0.320856914449337
NUCB2,0.1749839228338
NUCKS1,-0.37547598220352
NUDC,-1.70902479000064
NUDCD2,-0.712009666668191
NUDCD3,-0.173396955735809
NUDT11,0.451964028245483
NUDT14,0.394080626439178
NUDT16,0.0772142729056158
NUDT2,0.316921584619365
NUDT21,-0.659525816776431
NUDT3,0.918388759385122
NUDT4,0.258015136762946
NUDT5,-1.17763359790426
NUDT9,-0.102332976989705
NUMA1,-0.213048590522633
NUMB,0.435354278388138
NUMBL,1.38788328375058
NUP155,-0.226731606929763
NUP205,-0.733393660005311
NUP62,-0.0930338838540891
NUTF2,-1.11980730758629
OAT,0.820268821192356
OCIAD1,0.303475261177939
OCRL,0.284149941134009
OFD1,0.0775386632545087
OGDH,2.06733688424777
OGDHL,1.3727483524101
OGFR,0.520634882585935
OGFRL1,0.145954846475727
OGT,0.920033953309135
OLA1,-0.588699752712776
OLFM1,1.71706699066838
OLFM3,0.619864543871738
OMG,-0.193387016342744
OPA1,1.75225609872527
OPA3,0.354133822569695
OPALIN,-0.392543926707624
OPCML,2.47822644909754
OPLAH,-0.388389598619741
OPTN,-0.0755649670470697
ORM1,-0.00785855937633752
ORM2,-0.195009068868133
OSBP,-0.632746145420851
OSBPL1A,-0.257217653010383
OSBPL2,0.0904641550450764
OSBPL6,0.0371387144859587
OSBPL8,0.321776180947723
OSTF1,-0.279336297722997
OTUB1,3.66324785959606
OXCT1,1.8258243281706
OXR1,1.89732276812609
OXSR1,-0.381343978177587
P2RX7,-0.0878895734385491
P4HB,1.93482932853871
PA2G4,-1.19657550203237
PABPC1,-1.32089368399586
PABPC4,0.277382205865671
PACS1,2.00791935041161
PACS2,-0.37026366099286
PACSIN1,2.41128312137217
PACSIN2,-0.345775618449478
PADI2,-1.0646184747611
PAFAH1B1,-0.508671405593852
PAFAH1B2,-0.692252199468809
PAFAH1B3,-2.00584482652
PAICS,-2.19104059409369
PAIP1,0.357806807152926
PAK1,2.24014687075006
PAK2,-0.86780236258083
PAK3,2.40568941018054
PAK7,-0.0199452576887516
PALM,0.5614732435463045
PALM2,0.283194667752423
PAM,0.426085305210288
PANK2,-0.661828281720889
PANK4,-0.133251200031401
PANX1,0.210199518850904
PARK2,0.22176103173658
PARK7,-2.8190470506614
PARP1,-0.498832482078863
PARVA,-0.98665043885123
PBXIP1,-1.24969200554082
PC,-0.239387482794663
PCBD1,-0.625966526551967
PCBD2,-0.343817694490242
PCBP1,-0.617509528025395
PCBP2,0.250448479055881
PCCA,0.722795497204048
PCCB,0.508594360358825
PCDH1,1.51474295762631
PCDH10,0.410371261181155
PCDH7,-0.25014037597084
PCDH9,0.0792523712111328
PCLO,2.23338755936017
PCMT1,-0.00463481294726681
PCNP,0.155951161005606
PCP4,0.0610305456933648
PCSK1,0.259953986816212
PCSK1N,-0.308592248511867
PCSK2,-0.0276083605488014
PCYOX1,-0.741676198837875
PCYOX1L,1.4114897002384
PCYT1A,0.104509396828813
PCYT2,-0.972055041072172
PDAP1,-0.163370763785736
PDCD10,-0.197819245885505
PDCD5,-0.375677575169063
PDCD6,0.236928447275696
PDCD6IP,2.05080328302023
PDDC1,-0.236037751348412
PDE12,-0.119762950237609
PDE1A,0.23583242836453
PDE1B,-0.0983366156927055
PDE1C,-0.0851450123955022
PDE2A,0.5524621505604664
PDE4D,0.170481718688982
PDE4DIP,-0.262110132287298
PDE6D,0.0406025878748496
PDHA1,3.63559287207791
PDHB,2.36217011481419
PDHX,2.92145150058262
PDIA3,-0.20640831925004952
PDIA4,0.299780687681589
PDIA6,-0.437736877796478
PDK2,0.423662143174618
PDK3,1.59967902968832
PDLIM5,-0.49514280143964
PDP1,0.521425813314489
PDPK1,0.288754606063704
PDXK,-0.385249258455984
PDXP,1.15375078497832
PEA15,-1.28399236312533
PEBP1,-2.15890479703614
PEF1,-0.32872128034915
PELO,-0.0312653369571767
PEPD,-0.506287378926689
PEX11B,0.240464561922887
PEX14,0.490282659954707
PEX19,0.0950270840366326
PEX5L,-0.581572622662163
PFAS,-0.0767851758101448
PFDN1,-0.493720614330589
PFDN2,0.0189415853742596
PFDN4,0.457877024394971
PFDN5,0.396193192823685
PFDN6,0.572418661804944
PFKFB2,-0.221550424310273
PFKL,-0.043236072895186
PFKM,-0.458660759108902
PFKP,1.77967559661366
PFN1,-1.10220736125139
PFN2,-0.5730291218734375
PGAM1,-0.419978049459343
PGAM2,-0.536938644588772
PGAM5,0.5615412700733
PGAP1,-0.183433504094551
PGBD5,-0.188817315363467
PGD,-3.22278133372944
PGK1,-3.05596537556617
PGLS,-0.632024278730326
PGM1,-1.91905947518196
PGM2,-0.964900425295544
PGM2L1,1.07823633475631
PGM3,-1.20900568005423
PGP,-0.00258457588018571
PGRMC1,0.0615844825623626
PGRMC2,0.736998378921588
PHACTR1,0.592028738776974
PHB,1.6512991968118
PHB2,1.10200311123343
PHF5A,-0.180823056323519
PHGDH,-1.00689304500097
PHKA1,-0.428472024111942
PHPT1,-1.55815711171503
PHYHD1,-0.501465396053675
PHYHIP,-0.00565671736864833
PHYHIPL,-0.0648053290001356
PI4K2A,-0.0931282456000268
PI4KA,1.42355075952202
PICALM,0.818934476817899
PICK1,0.54691926715426
PIGBOS1,-0.114583293923099
PIK3CA,-0.357181728022922
PIK3R1,-0.115680446997137
PIK3R4,0.16236360677271
PIN1,0.8698584266906
PIN4,-0.0585171302572847
PIP4K2A,-0.939649559328891
PIP4K2B,-0.920035136826501
PIP4K2C,0.394022451867201
PIP5K1C,1.86762218551629
PIR,-0.21103089011532
PISD,0.345729354611285
PITHD1,-0.00534606771312382
PITPNA,1.22944638141031
PITPNB,-0.552636896878626
PITPNC1,0.0872318335081574
PITPNM1,0.188950605703248
PITPNM3,0.108503682207547
PITRM1,-0.0017675285245564
PKIA,-0.206735259618443
PKM,-2.563268832604005
PKP1,-0.0663026929035077
PKP4,-0.518677923289904
PLA2G6,0.302267932081231
PLAA,0.774130369863044
PLCB1,2.0562075829046
PLCD1,-0.657181313999726
PLCD3,-0.735720248107544
PLCG1,-0.217198350239334
PLCL1,0.178939373112542
PLCL2,-0.0622386848354973
PLCXD3,-0.172038666331634
PLD3,-0.0103386794618032
PLEC,-2.31538246520801
PLEKHA1,0.494529964826325
PLEKHA6,1.07102086187996
PLEKHB1,-0.11668074414582
PLIN3,-0.612647405329701
PLLP,0.00213630768800312
PLP1,-0.178724008270289
PLS3,-0.480123563309081
PLSCR4,-0.193523539243685
PLXNA1,1.56104911903221
PLXNA2,-0.0960715906520212
PLXNA4,2.66849172503059
PLXNB1,-0.48826049586323
PLXNB2,0.226363402930812
PLXNC1,0.325989216230392
PMM1,0.406501187030908
PMP2,-0.248542077370719
PMPCA,0.766726261298274
PMPCB,0.821357920105858
PMVK,-0.09872298068207
PNKD,0.0886132612460553
PNMAL2,-0.246874156420991
PNP,-0.964478302325423
PNPLA6,-0.0670322532604383
PNPLA8,0.0111284193646581
PNPO,-0.805213592548556
PNPT1,-0.35328799407215
PODXL,-0.0276831587533166
POLR2I,-0.0455616840674864
POLR2M,-0.0452058419558244
POMGNT2,-0.00358294294984843
PON2,0.0718572996514641
POR,-0.175042421272552
POTEE,-0.616346656677797
PPA1,-0.982082218881157
PPA2,0.291445463328904
PPAP2B,0.0716984828276329
PPAT,-0.184816819805402
PPCS,0.0887470040326043
PPFIA2,1.6265238327538
PPFIA3,2.2843990809602
PPFIA4,0.0602651667535344
PPIA,-2.84332489596698
PPIB,-0.0386943367797272
PPID,0.0954873387508997
PPIF,-0.399510611306311
PPIH,0.464445754393356
PPIL1,-0.731925371338436
PPIL3,0.0111025762391435
PPM1A,-0.369657093944714
PPM1B,-0.204417477311988
PPM1E,0.575400802308234
PPM1F,-0.282534443412155
PPM1H,0.672127508485485
PPM1L,0.141579367123692
PPME1,-0.288871689723036
PPOX,0.460618860833886
PPP1CA,1.22104686144659
PPP1CB,1.36015946424028
PPP1CC,0.0944674934601668
PPP1R11,-0.676956224967513
PPP1R12A,0.10094179915488
PPP1R14A,-0.317331798405395
PPP1R1A,-0.32556802807737
PPP1R1B,0.0973832408887671
PPP1R2,-0.187469234142236
PPP1R21,0.172750378150305
PPP1R3F,-0.183769266729531
PPP1R7,0.452561671226201
PPP1R9A,0.0397044238195976
PPP1R9B,2.00124057284559
PPP2CB,0.417828448361833
PPP2R1A,2.23866664646565
PPP2R2A,0.84255474714782
PPP2R2C,0.839326756501517
PPP2R2D,-0.340252914627211
PPP2R4,0.25383296464428
PPP2R5A,0.345073592554378
PPP2R5B,0.250679915027164
PPP2R5C,0.258942648542499
PPP2R5D,0.846815740138645
PPP2R5E,1.10458770873383
PPP3CA,-0.228073669014672
PPP3CB,0.281868261336208
PPP3CC,0.375526318346454
PPP3R1,0.757012159256784
PPP5C,1.63047611066576
PPP6C,-0.0655735550253493
PPP6R2,0.189620855650123
PPT1,-0.584679957458028
PPTC7,0.179319868984296
PRAF2,-0.128342173738269
PRCP,-0.236509859950819
PRDX1,-2.83603446572868
PRDX2,-2.87951568751944
PRDX3,1.63885812889274
PRDX4,0.163144376121671
PRDX5,-0.50223512335387
PRDX6,-1.46890923081915
PREB,0.19141076084852
PRELP,0.0370753334355634
PREP,0.975925492146104
PREPL,-1.6479390613827
PREX1,0.083244584353587
PRKAA1,-0.649752612045348
PRKAA2,0.0937303435194801
PRKAB1,0.0447971882121831
PRKAB2,-0.840031029805834
PRKACA,-1.06803792900491
PRKACB,-1.14652688655885
PRKACG,0.0194359169680704
PRKAG1,-0.48360981226567
PRKAG2,0.257392413762421
PRKAR1A,-1.23780815727238
PRKAR1B,-0.0938308551185777
PRKAR2A,0.483327071467966
PRKAR2B,0.345721744804058
PRKCA,-1.34648351117505
PRKCB,-0.492579671116769
PRKCD,0.0178574487658316
PRKCE,2.15317186881923
PRKCG,0.824490125802437
PRKCI,-0.348935606566886
PRKCSH,-0.36081271387297
PRKDC,-1.1160279807751
PRKRA,0.940173850201205
PRMT1,1.07820453311424
PRMT5,0.0333613059263155
PRMT8,0.355072118287248
PRNP,-0.517707217823804
PRODH,0.0388840588876226
PROSC,-0.214380834065193
PRPF19,0.484188212661628
PRPF8,0.0524549745284511
PRPS1,-0.878698683625501
PRPS2,0.337758090065195
PRPSAP1,-0.421988996834618
PRPSAP2,-0.825407654447617
PRR36,0.475643062283517
PRRT1,0.910798485233603
PRRT2,0.831392561634771
PRRT3,0.70429049998705
PRUNE,0.0361609479090569
PRUNE2,0.334693522371602
PSAP,0.155618201796715
PSAT1,-0.884708270589049
PSD,0.775847330548383
PSD3,1.187604472331802
PSIP1,-0.38296991468877
PSMA1,-2.64358379223536
PSMA2,-0.987990184336983
PSMA3,-2.22978033048015
PSMA4,-1.00556730517137
PSMA5,-1.33430973250905
PSMA6,-1.62796425871537
PSMA7,0.406750087108916
PSMB1,-1.44143166597186
PSMB2,-0.853359688865208
PSMB3,-0.548040431900227
PSMB4,-0.507830318395125
PSMB5,-0.286974016969633
PSMB6,-0.399635064276773
PSMB7,-0.629092139138171
PSMB8,-0.228612342645461
PSMC1,-0.182367655979847
PSMC2,0.291116030050407
PSMC3,-0.6270133075581
PSMC4,-0.965950106247181
PSMC5,0.237620008123336
PSMC6,-0.793840751586247
PSMD1,-0.081390427617411
PSMD10,0.399527421073887
PSMD11,-1.28612550417765
PSMD12,-0.282229587559515
PSMD13,-0.363755001632165
PSMD14,-0.793780865167017
PSMD2,-0.099688791355231
PSMD3,-0.882606945065577
PSMD4,0.0208943921153831
PSMD5,-0.595580379477745
PSMD6,-1.43211331708737
PSMD7,-0.221593023736809
PSMD8,0.189269923962712
PSMD9,-0.557838369885675
PSME1,-0.560256414082962
PSME2,-0.686873582257603
PSME3,0.948403396650422
PSMF1,0.140828005416604
PSPC1,-0.301409170373093
PTBP1,-0.117261776858999
PTBP2,-0.808223593765467
PTCD3,-0.209532314375273
PTDSS1,0.256310438275568
PTEN,0.0292393970997384
PTGDS,-0.476971135716982
PTGES2,0.0984104189832887
PTGES3,-0.221213001783169
PTGFRN,0.101884482076611
PTGR1,-0.74270255378353
PTGR2,-0.528696862201266
PTK2,0.144491179612525
PTK2B,1.18817078346222
PTMA,-0.535609364522995
PTMS,-0.583018382637211
PTP4A2,0.117240845236399
PTPLAD1,-2.22936655475964
PTPN11,-0.296828088342893
PTPN23,-0.576049113284539
PTPN9,-0.269459456993191
PTPRA,0.186172129145765
PTPRD,-0.309081893065649
PTPRE,-0.0266466650533156
PTPRK,0.308328822215327
PTPRN,0.931806375308556
PTPRN2,-0.0235001102940751
PTPRS,0.0117251375039676
PTPRT,-0.158843479272687
PTPRZ1,1.90764101877725
PTRF,-0.499556324920836
PTRH2,-0.0220003646213652
PTRHD1,-0.668310850836048
PUF60,-0.116203538474073
PUM1,-0.169323361025358
PURA,1.83990329906398
PURB,0.189099352388265
PVALB,-0.19144278016379
PVRL1,1.67937481036747
PYCRL,-0.190219108250797
PYGB,-0.167681624288771
PYGM,-0.15382877818122
QARS,-0.324531216113099
QDPR,-0.759823285067029
QKI,-0.225962940115691
QPRT,-0.407681777254481
RAB10,0.621776985302798
RAB11B,-1.3313062717719
RAB11FIP1,-0.246800303376158
RAB11FIP5,0.36192570095079
RAB12,1.22325506735874
RAB14,1.64796142875205
RAB15,0.48382830213444
RAB18,2.31544350340971
RAB1A,-0.459791415024463
RAB1B,-0.395515440602446
RAB21,-0.582578374192327
RAB22A,-0.666158372613458
RAB23,0.355311534823574
RAB24,-0.132211748636266
RAB27B,-0.112500074262518
RAB2A,1.11387458272669
RAB2B,-0.236226530988265
RAB31,0.0369514917308154
RAB33A,-0.0975799658072823
RAB33B,-0.220850840887589
RAB35,2.03781768050495
RAB37,-0.402477667172273
RAB39B,0.572015757642103
RAB3A,1.80452928454663
RAB3B,0.272228845157929
RAB3C,0.336884120057945
RAB3D,-0.0313898093864693
RAB3GAP1,0.622532086372844
RAB3GAP2,0.821987133630507
RAB4A,-0.728860941150537
RAB4B,0.365894843044714
RAB5A,0.752513541088685
RAB5B,-0.39915699699552
RAB5C,0.455585426991048
RAB6A,-1.12426856538011
RAB6B,-1.89447863654639
RAB7A,1.72952310343242
RAB8A,0.171870741719832
RAB8B,-0.058393304522592
RAB9A,-0.505892361226471
RAB9B,-0.0309059682257942
RABEP1,-0.0127125168867383
RABGAP1,0.000747
RABGEF1,-0.262492724734995
RABGGTA,-0.223065786657136
RABGGTB,0.00108663908019456
RABIF,0.0278418513150457
RABL6,0.822738521556311
RAC1,1.05498766361184
RAD23A,0.352101647488542
RAD23B,-0.513328558346598
RAE1,-0.350651616042483
RALA,0.842181413422612
RALB,0.983311719234564
RALBP1,0.101560677918284
RALGAPA1,0.0398748000899058
RALGAPB,0.103817474985444
RALY,-0.61679942019411
RAN,1.37000874928809
RANBP1,-0.195954374820987
RANBP2,-0.377596446473569
RANBP6,0.146324958702607
RANBP9,-0.470398194964425
RANGAP1,-1.20341586439557
RAP1A,-0.938785553225784
RAP1B,0.179881816503162
RAP1GAP,0.0360574502103794
RAP1GAP2,0.378289660203336
RAP1GDS1,-0.5279923469924075
RAP2A,0.105409948994252
RAP2B,0.63153850707461
RAPGEF2,0.505181716918253
RAPGEF4,1.13087064100432
RAPGEF5,0.128879971788639
RARS,0.349777808595472
RASA1,0.215937265183383
RASA2,0.173679017465377
RASAL1,0.403394613626089
RASAL2,0.417018033036952
RASGRF1,0.10420101703619
RASGRF2,0.850669123057004
RASGRP2,-0.166874206519959
RBBP4,-0.7406930621643
RBBP7,-0.0860441248857968
RBBP9,-0.0282103860573876
RBFOX1,0.278551062009988
RBM14,-0.278783998015104
RBM39,-0.338060385756475
RBM8A,-0.857995495932227
RBMX,0.243365962596921
RBP1,-0.402310552154454
RBSN,-0.0210178203425739
RBX1,0.191365978142396
RCAN1,-0.625494214949402
RCAN2,-0.238790885498516
RCN1,0.183026630985634
RCN2,0.644966682609208
RDH11,0.760973807003992
RDH13,0.218161704850391
RDH14,0.355761230394403
RDX,-1.14352705115366
REEP1,0.172733540367282
REEP2,0.786620947167842
REEP5,0.215598270002894
REEP6,0.199087427529318
REPS1,0.124383525819506
REPS2,-0.155395439652722
RFK,0.122432990071894
RFTN1,0.103905753083514
RGN,-0.223516662410834
RGS12,0.045330797193195
RGS17,-0.283548581654504
RGS6,-0.25519645992197
RGS7,1.19169223915823
RGS7BP,-0.104429456228614
RHBDD2,0.184284880573071
RHEB,0.0104920813511229
RHOA,1.70015965977705
RHOB,1.38659805208383
RHOG,-0.42221214065557
RHOT1,0.551367544863689
RIC8A,0.044183848404496
RIMBP2,0.604075637306617
RIMS1,0.25057375826729
RIMS3,0.507785255674906
RLBP1,-0.193663914407175
RLTPR,0.144396381505865
RMDN3,0.520310391572307
RMND1,1.07188854324484
RNASET2,0.15622064486836
RNF123,0.329340562026814
RNF7,-0.0132370387823847
RNH1,-1.59019104728727
RNMT,-0.13754932443496
RNPEP,-0.404039480393534
RNPS1,-0.449649445055892
ROCK2,2.00106290865034
ROGDI,1.13115600015491
RPA1,-0.182451992346802
RPA2,-0.0299784125179451
RPA3,-0.525605567083736
RPE,-0.388898932154187
RPH3A,1.76186564391492
RPL10,0.506106086769416
RPL10A,0.209069348541937
RPL11,0.661102866835237
RPL12,0.0294168634209806
RPL13,0.436303002212345
RPL13A,-0.0231654710719124
RPL14,0.156893758730866
RPL15,0.223947301427878
RPL17,-0.313210613401833
RPL18,0.411798607937496
RPL18A,0.697051510581463
RPL19,0.791004197520945
RPL21,0.323660773251528
RPL22,-1.04423249139514
RPL23,0.98989450033326
RPL23A,0.0942175031505574
RPL24,0.163810593436747
RPL26L1,-0.418471462500673
RPL27,-0.179260159250943
RPL27A,0.270385251760323
RPL28,0.168025812712791
RPL29,0.330414119021558
RPL3,0.603552569855074
RPL30,0.161657102083404
RPL31,0.68043500661712
RPL32,0.415951512126438
RPL34,0.390647471066833
RPL35,0.344869066557593
RPL35A,0.842172579958989
RPL36,0.105824264911303
RPL36AL,0.0444081387165993
RPL37A,0.264696595774171
RPL38,-0.385825050502099
RPL4,0.146849009420585
RPL5,-0.582586718415792
RPL6,-0.238659790310956
RPL7,-0.0532605607541634
RPL7A,-0.0416576366860248
RPL8,0.237554545905601
RPL9,0.449099822394771
RPLP0,-0.23525998070299
RPLP1,-0.185425198129163
RPLP2,0.262293906066268
RPN1,-0.411657081485668
RPN2,0.160332171638405
RPS10,0.0807298743053666
RPS10-NUDT3,0.694182958206336
RPS11,0.847665158916873
RPS12,-0.732380008016284
RPS13,0.0910110487898051
RPS14,-0.43225848728828
RPS15,-0.151104344529403
RPS15A,-0.0784388781748949
RPS16,0.166561615198839
RPS17L,0.677753985521741
RPS18,0.391212999597535
RPS19,-0.490333479499066
RPS2,0.194313638146159
RPS20,1.28917618243141
RPS21,-0.574502544031796
RPS23,0.124526243789143
RPS24,0.0827997521323468
RPS25,-0.608657054604496
RPS26,-0.379153499243102
RPS27,-0.357992641487747
RPS27A,-0.7187655002267
RPS27L,-0.406768433552994
RPS28,0.33904946307437
RPS29,0.0946936731412582
RPS3,0.818734675637777
RPS3A,-0.0220320577250687
RPS4X,0.791511051327165
RPS5,0.477907090728273
RPS6,-0.0271120383454171
RPS6KA2,-2.16049846212818
RPS6KA5,-0.441281300628944
RPS6KC1,0.0564450889092353
RPS7,-0.930045183973187
RPS8,0.684259737518502
RPS9,1.11159053155625
RPSA,-1.4344390416417
RPTOR,0.228400102341187
RRAGA,-0.168265501177068
RRAGC,0.0329869632403528
RRAS,-0.353946455758616
RRAS2,-0.0289163293316588
RRBP1,-0.343704879390314
RRM2B,0.027451686526284
RSU1,-0.404179748342648
RTCA,-0.667959599449052
RTCB,-2.13760620607032
RTN1,1.2992797541368983
RTN3,0.775001363345472
RTN4,1.5612639164287925
RTN4IP1,0.568455587174294
RTN4RL2,0.110562254848333
RUFY3,0.897371113713965
RUNDC3A,0.0692491205810307
RUVBL1,-0.897808140940672
RUVBL2,-0.922280029713034
RWDD1,-0.198662327727735
RYR2,-0.507574808737952
S100A1,-0.38126869819486
S100A10,-0.200087933220954
S100A11,-0.319378904476883
S100A13,0.336385830084357
S100A16,0.131348675393803
S100A6,-0.424663656185815
S100B,-0.862182060614001
S1PR1,-0.174208402715894
SAA1,0.020399790586026
SACM1L,0.0531938688720918
SACS,0.0623485621205158
SAE1,-0.444700610020388
SAFB,-0.340160374785811
SAMHD1,-0.150232223135653
SAMM50,2.79525069589521
SAR1A,-0.310846528560723
SAR1B,-0.19593362911136
SARNP,-0.108100469814658
SARS,-1.39213369475696
SARS2,0.498108887188415
SART3,0.0530695560421257
SBDS,-1.18036908725276
SBF1,0.560150728225993
SCAI,1.18762604961927
SCAMP1,0.637797401925236
SCAMP3,-0.292230537670062
SCAMP5,0.944954607763152
SCARB2,-0.85817689428531
SCCPDH,-0.488476681353582
SCD5,-0.567368164374894
SCFD1,-0.0933675632326485
SCFD2,-0.0406023901457199
SCG2,0.810438783575127
SCG3,0.156656833579139
SCG5,0.119023532314616
SCN1A,-0.349090770152908
SCN1B,-0.363616364903736
SCN2A,1.1894529683024
SCN2B,0.121849313792305
SCN3B,0.111352190570363
SCN4B,-0.223181347345242
SCN8A,-0.237269015500521
SCO1,0.493989987460114
SCO2,0.147344925858555
SCOC,-0.208787234476991
SCP2,-1.00807763034887
SCRIB,-0.134489903045074
SCRN1,-2.15705248229011
SCRN3,0.07109932931008
SCYL1,0.174376234996086
SCYL2,-0.307318708819423
SDCBP,0.00481595341408997
SDHA,1.43150326339435
SDHB,2.88530557947559
SDHC,0.396754468345513
SDHD,0.319759613943274
SDPR,-0.513490784422004
SDR39U1,0.571550388054029
SDSL,0.0589636728826576
SEC11C,0.501102585293054
SEC13,-0.671179490580295
SEC14L2,-1.24411834501834
SEC22B,-1.12488120281254
SEC23A,-0.212720916005143
SEC23IP,0.0466765262636346
SEC24B,-0.189742222576231
SEC24C,1.44171397961393
SEC31A,0.926123599647721
SEC61A2,-0.0835626742112179
SEC61B,0.216812502752187
SEC62,-0.138280837605157
SEH1L,-0.0604581816088761
SEL1L,0.502740633245612
SELENBP1,-0.0416302107202898
SEMA4D,0.348479673548924
SEP15,0.485946324394773
SEPT10,-0.759308023832008
SEPT11,3.11846148374467
SEPT2,-2.04879220620406
SEPT3,2.54926745654678
SEPT4,-0.611663087124484
SEPT5,2.256344281662097
SEPT6,1.93062826962253
SEPT7,2.0298851695528115
SEPT8,-0.2773691353221231
SEPT9,-0.441768577293744
SEPW1,-0.194359775102202
SERBP1,0.32386312054272
SERINC1,-0.263133149049227
SERPINA1,-0.175381083488637
SERPINA3,-0.0539124334991603
SERPINB1,0.0171162383830295
SERPINB6,0.185978499835978
SERPINB9,0.126367838311816
SERPINE2,0.676633859366716
SERPINF1,0.33544335419762
SERPING1,0.274186181088188
SERPINI1,0.321646866180107
SESTD1,-0.240997190488421
SET,-0.883971354810054
SEZ6L,-0.302562442122242
SEZ6L2,0.195956327315737
SF1,0.192272646203559
SF3A3,0.0553064392393154
SF3B1,-0.157193287772195
SF3B2,0.456385616622896
SF3B3,-0.69844013116351
SF3B5,-0.318250505244016
SFN,-0.0640819713094111
SFPQ,-1.77460037419231
SFXN1,0.962708122789442
SFXN3,-0.0425981695439935
SFXN5,0.306241247372285
SGIP1,2.00955853519632
SGSM1,0.462249107320128
SGTA,0.700720799226635
SGTB,1.93144609176434
SH3BGRL,-1.00893715435032
SH3BGRL2,0.857807289526917
SH3BGRL3,-0.614950036479999
SH3GL1,1.44215507779661
SH3GL2,0.343012503987324
SH3GL3,0.61480639129529
SH3GLB1,-0.213545036647591
SH3GLB2,0.7230684409983177
SH3KBP1,0.284492522129102
SHANK2,0.276217788119592
SHANK3,1.45583147684607
SHC3,0.268874701232436
SHISA7,0.393059066971885
SHMT2,0.483689354417555
SHROOM2,0.490623461817946
SIK3,-0.323101783407512
SIPA1L1,-0.0874354242435457
SIRPA,3.38251023789659
SIRT2,-0.3416784100635075
SIRT3,0.146977759861198
SIRT5,-0.119882715777837
SKIV2L,-0.0646119887389889
SKP1,-0.644458194012709
SLC12A2,-0.365929365189534
SLC12A5,0.298076442950302
SLC16A1,0.0619936855105839
SLC16A7,-0.202980921999258
SLC17A6,-0.278211597787442
SLC17A7,1.62509059965336
SLC1A2,1.67929543749304
SLC1A3,-0.0766642537983027
SLC1A4,0.269919688384039
SLC1A7,0.0780610378903418
SLC22A17,-0.122450049375097
SLC24A2,-0.373738522665485
SLC25A1,-0.314805527895178
SLC25A10,0.351235284759615
SLC25A11,1.5010249774913
SLC25A12,0.727579861617583
SLC25A13,0.329706394292245
SLC25A18,-0.497545852652471
SLC25A20,-0.189034944258478
SLC25A22,2.04721659821645
SLC25A23,0.383105024122893
SLC25A24,0.0467135637743545
SLC25A25,-0.612561811136029
SLC25A27,0.417173253169727
SLC25A3,1.7644879348467
SLC25A4,1.12363054167225
SLC25A42,-0.107615495798675
SLC25A46,1.58482321286722
SLC25A5,0.508744404645183
SLC25A6,1.47396933282502
SLC27A1,0.308337451992249
SLC27A4,0.228859638374201
SLC2A1,-0.100667404271602
SLC2A13,-0.219060358229853
SLC2A3,1.23371882739244
SLC30A1,0.00751277960902716
SLC30A3,1.14248567536484
SLC30A9,0.263837002283904
SLC32A1,-0.2335994961042
SLC35F1,-0.473611321398446
SLC39A10,0.777663631075203
SLC39A6,0.425221403600985
SLC3A2,1.45347186010393
SLC41A3,0.356165228341777
SLC44A1,-0.203970045025665
SLC4A1,-0.398156083464489
SLC4A10,1.2835522631594
SLC4A4,0.466799552525613
SLC4A7,0.458842833752285
SLC6A1,-1.32354722603168
SLC6A11,-0.524924785124621
SLC6A17,0.762038554493565
SLC6A7,-0.360777477463444
SLC7A11,-0.0206590551510151
SLC7A14,0.0994696601997759
SLC7A5,0.957038790928696
SLC7A8,0.561506164275053
SLC8A1,-0.167904607966688
SLC8A2,0.814181846101745
SLC9A1,0.869824162747042
SLC9A3R1,-0.303634455799849
SLC9A3R2,-0.0163552023692149
SLC9A6,-1.21982516662693
SLIRP,0.0841908589439634
SLK,-0.255644203328612
SLMAP,0.316660657524914
SMAP1,1.49800835427526
SMAP2,0.912989619278953
SMARCC2,-0.161121773037365
SMARCD2,0.0609089037970933
SMC1A,-1.00853538281139
SMC3,-0.0176986311845602
SMCR8,0.0663129014655331
SMIM20,0.0296339864227467
SMS,-0.433874170932612
SMU1,-0.169843988527416
SMYD5,0.129466295036314
SNAP25,1.205750578272527
SNAP29,-0.404176263456934
SNAP91,0.33978062310197
SNAPIN,-0.693014296735561
SNCA,1.36717213735946
SNCB,-0.0990660173577168
SNCG,0.702252786147755
SND1,-0.00331021040550636
SNPH,0.549406168036802
SNRNP200,-0.133300409166477
SNRNP70,-0.103385365655019
SNRPA,-0.00399406411177944
SNRPC,-0.000759
SNRPD1,-0.262670329454372
SNRPD2,-0.291831098281502
SNRPD3,-0.3790658045118
SNRPE,-0.332080374312652
SNRPF,-0.297834543829519
SNRPG,-0.0646756631253893
SNRPN,-1.22348721127306
SNTA1,-0.772739403424158
SNTB1,-0.17478776274341
SNTB2,0.0641950016333229
SNX1,-0.045659216789956
SNX12,-0.415722766899846
SNX17,0.319224841848573
SNX2,-0.835202394635144
SNX27,0.0748717664459138
SNX3,0.116059793873499
SNX30,0.388064512473724
SNX4,1.11428159654853
SNX5,-1.01467135470318
SNX6,-0.535574219813905
SNX9,0.114015902401449
SOD1,0.20466710948846
SOD2,-0.415332911905744
SOGA3,1.49184427620514
SORBS1,-0.3687757623593315
SORBS2,-0.0253591652138204
SORD,-0.894878413573741
SORL1,0.25420005363345
SORT1,-0.131027096103445
SPAG9,0.0362259753251543
SPARCL1,0.140998308843091
SPATA13,-0.161981138177473
SPATA20,-0.274790597407039
SPCS1,0.0778057852722027
SPCS2,-0.0942780251225642
SPCS3,0.0640534013361056
SPECC1,-0.167552366934629
SPG20,-0.0918575583498699
SPG7,-0.257086709955059
SPIRE1,-0.348346692792089
SPOCK1,-0.460089370310603
SPP1,-0.198735296161311
SPR,-0.395519422808326
SPRYD4,1.22866903532838
SPTAN1,-1.355132648017718
SPTB,-0.503133121054171
SPTBN1,-2.82808198027142
SPTBN2,1.02462608121897
SPTBN4,-0.0388942197945055
SQSTM1,-0.358237412457288
SRC,-0.211104514344795
SRCIN1,-0.220072329340181
SRGAP2,0.442977514001382
SRGAP3,0.72790462217261
SRI,-2.03368363270461
SRM,0.404773388872136
SRP14,-0.689265579382423
SRP54,-0.0925273080315689
SRP68,0.092505942995816
SRP72,0.0389020333300069
SRP9,-0.127670963790743
SRPK2,0.0298595231920918
SRPRB,0.239243882724293
SRR,-0.0820373931851037
SRRT,-0.947093467862493
SRSF1,-1.74376001341104
SRSF10,-0.540264405616262
SRSF2,-0.501554390013349
SRSF3,-0.135990105552249
SRSF4,-0.280420525284283
SRSF6,0.0411387504106272
SRSF7,-0.994003146828854
SRSF9,0.252839618297142
SSB,-0.785402315174835
SSBP1,0.116598099089614
SSR1,0.0910666085207404
SSR3,0.226484452517726
SSR4,0.221612558313134
SSRP1,-0.0153087946481011
SSSCA1,-0.362048543365427
ST13,-0.232713943955258
STAM,1.03939261809145
STAMBP,-0.34767548339122
STAT1,0.0572081700143508
STAT3,0.154584005610554
STAT5B,0.377327652859594
STAT6,0.122203182120782
STAU1,0.519252817662794
STIM1,-0.163687633421996
STIP1,-3.45532263782921
STK11,0.0120959519629809
STK24,0.530474859437054
STK32C,1.17087026424774
STK38L,-0.232312785048949
STK39,-0.630748421373779
STMN1,1.30467426237021
STMN2,-0.048731110427951
STMN3,0.600505060057723
STOM,-0.11882542849371
STOML2,1.30006329398157
STRADA,0.11354210515326
STRAP,1.20183692794653
STRBP,-0.102809161526321
STRIP1,-0.252563138699147
STRN,-0.512664308817011
STRN3,0.520217875658604
STRN4,0.112788934447488
STT3A,0.428847378412415
STT3B,0.308258974420639
STUB1,0.261937702131634
STX10,-0.0809123075441539
STX12,-0.0817774832070125
STX16,-0.3800643520247
STX1A,1.91186554988421
STX1B,2.49975694768599
STX4,-0.157087753409095
STX6,0.0582517384740998
STX7,-0.3421313375941
STX8,0.245853826633321
STXBP1,2.173365082378572
STXBP3,-0.174379690342537
STXBP5,-0.122515649800424
STXBP5L,1.6930080650622
STXBP6,0.161359095306768
SUB1,0.808869728363648
SUCLA2,2.81962224553739
SUCLG1,1.90567724614755
SUCLG2,-0.627054733752525
SUGP2,0.222365276773017
SUGT1,-0.912542095397343
SULT4A1,0.738446207520788
SUMO1,0.252529690121425
SUMO3,0.327481899710768
SUMO4,-0.54584368144822
SUOX,-0.17347674557975
SUPV3L1,0.256168031047254
SURF4,0.268171350237923
SV2A,3.28647934481463
SV2B,2.17095080206963
SVIP,0.2285432398884
SVOP,0.903769564115907
SWAP70,-0.614734672158426
SYAP1,-0.223925932289409
SYN1,0.586411210512247
SYN2,-0.0095300993794433
SYN3,-0.561811138743894
SYNCRIP,-0.752027229465135
SYNE1,0.635148196137253
SYNGAP1,2.46819371176489
SYNGR1,1.29768290853419
SYNGR3,0.984777817384132
SYNJ1,3.87276752229538
SYNJ2BP-COX16,0.0875525101920049
SYNM,-0.610654226500135
SYNPO,1.99671744430413
SYNPR,0.0521937200246619
SYNRG,-0.0760136547904574
SYP,0.694153898737227
SYT1,1.3407145652163945
SYT12,1.67963995547111
SYT2,-0.284508243950776
SYT7,1.52019775765668
SYTC2,-0.177609499096568
TACC1,0.0570953881556612
TACO1,0.744217892604553
TAF15,0.114055912580333
TAGLN,-0.0569540367041829
TAGLN2,-0.549475446134887
TAGLN3,2.12416330370632
TALDO1,-1.32689764998037
TAMM41,0.476401740102853
TANC2,0.312672652706394
TANGO2,-0.110682438007435
TAOK1,0.197482831141773
TARDBP,-0.671903196650223
TARS,-1.17904297083456
TATDN1,0.378156641195445
TAX1BP1,0.0194977179354492
TAX1BP3,-0.307133725223951
TBAL3,-0.252888068133576
TBC1D10B,0.309923768994882
TBC1D15,0.0398341243000272
TBC1D17,0.25969963654163
TBC1D23,-0.00280682252864445
TBC1D24,1.44957763765316
TBC1D9B,0.262507534021015
TBCA,-1.73512945077308
TBCB,-1.91510921770383
TBCC,0.654204201670093
TBCD,-0.747641886814249
TBCE,-0.66610769491017
TBK1,0.154564015334488
TBRG4,0.229543998335173
TCEAL3,-0.397923750794012
TCEAL5,-0.217468718183547
TCEAL6,-0.000665
TCEB1,-2.43346556603302
TCEB2,-1.72113170035099
TCF25,0.112588087977512
TCP1,-0.955476401964676
TCP11L1,0.346036811514457
TDRKH,-0.295675997901806
TECPR1,0.943671594092006
TECR,0.289220595296886
TESC,0.272940171266009
TF,0.125959916083321
TFAM,-0.211853361591646
TFCP2,0.251135782550947
TFG,-0.0656418212224519
TFRC,0.0172687567008337
TGFBRAP1,0.170000734873135
TGM2,0.0387390512758714
THEM6,-0.0534155012957532
THEMIS,0.325705401589865
THNSL1,0.801553426330566
THOP1,-0.0242898234403476
THRAP3,0.0858854235462593
THUMPD1,-0.481712133852597
THY1,1.08080510692429
TIAL1,0.00119100381119238
TIAM2,0.059679736083371
TIMM10,1.1655247167345
TIMM13,0.137160174534122
TIMM22,0.373468736922656
TIMM44,1.01336833585277
TIMM50,0.907445723414986
TIMM8A,0.873691598545411
TIMM9,0.902019813811111
TINAGL1,-0.354324809370132
TIPRL,-0.126190492039958
TJP1,-0.885612221898264
TJP2,-0.660584209359292
TKT,-0.995249110989536
TLDC1,0.163313166733007
TLN1,-2.05599551444592
TLN2,1.68708371097556
TM7SF2,0.28139556860938
TM9SF2,-0.0967391766421589
TM9SF3,0.0385979441508079
TM9SF4,-0.0306978160459122
TMCO1,0.110834915171355
TMED10,-0.599709445048232
TMED2,-0.120144948195166
TMED4,0.359603243597171
TMED5,0.0595151000381051
TMED7,0.173873195035362
TMED9,0.0853050512141827
TMEM109,-0.38279161969374
TMEM11,0.476068952928659
TMEM126A,0.541913487630267
TMEM132B,0.104303267309094
TMEM14C,0.0613846177612216
TMEM163,0.329739121157197
TMEM167A,0.120368564603762
TMEM205,-0.1312638292497
TMEM245,0.285552056055908
TMEM30A,-0.967481596230589
TMEM33,0.196164090423304
TMEM35,-0.276818973954416
TMEM43,-0.437406898958741
TMEM55B,-0.218530640382902
TMEM65,0.829557202775749
TMLHE,0.244469944052766
TMOD1,0.890895227261743
TMOD2,-1.40836612827094
TMPO,-0.115510427228638
TMSB10,-0.043736693071318
TMSB4X,0.00841135723607079
TMX1,-0.261181645835882
TMX2,-0.601651424039975
TMX3,1.28346049675166
TMX4,-0.106985550725861
TNC,-0.0827710915630406
TNFAIP8L3,0.300075923899433
TNIK,0.127673598711449
TNKS1BP1,-0.281634924180863
TNPO1,-0.292015864692369
TNPO2,0.216849443720284
TNPO3,-0.136981382080903
TNR,3.56201749127358
TNS1,-0.402451588528771
TNS3,0.0851900979037386
TOLLIP,0.267912237892461
TOM1,-1.58248341837585
TOM1L2,0.4105599602200233
TOMM20,0.00276440395686706
TOMM22,0.769774884598256
TOMM34,-0.35644078514779
TOMM40,0.0923078691527732
TOMM5,1.18843770706169
TOMM70A,1.80089466267629
TOP2B,0.415932133644981
TOR1AIP1,-0.162803694172421
TPBG,0.418685768300912
TPD52,0.800361479838132
TPD52L1,0.0988954809935323
TPD52L2,-1.50343506091366
TPI1,-0.552715225512526
TPM1,-0.161653145694451
TPM2,0.0221832695422466
TPM3,-0.4527731028464473
TPM4,-0.559073980077777
TPP1,-0.856908923414151
TPP2,0.237322706968769
TPPP,1.58515402411841
TPPP3,-0.758726251629518
TPR,-0.269428408351911
TPRG1L,-0.348890392480024
TPT1,-0.288124950359643
TRA2A,-0.0116875590416718
TRA2B,-0.363201762301096
TRAP1,0.783683235447456
TRAPPC1,0.167764661616143
TRAPPC10,-0.0586333751465805
TRAPPC11,0.0662882533173452
TRAPPC3,0.311121765167397
TRAPPC4,0.202756915975676
TRAPPC5,-0.0448522310926277
TRAPPC6B,-0.416697878789073
TRAPPC8,0.222932145180369
TRAPPC9,-0.0166711702287857
TRIM2,-2.57511808249925
TRIM23,-0.208399287720352
TRIM25,-0.525763285040226
TRIM28,0.173068272629969
TRIM3,0.268338684636804
TRIM32,0.4581942007262
TRIM36,0.514656054646568
TRIM9,0.418947428884695
TRIO,-0.0093901351583046
TRMT112,0.296781862685853
TRNT1,-0.440435970698251
TROVE2,0.0350750543029149
TRPV1,0.175264765524744
TSC1,0.137002236419004
TSC2,0.184867919050894
TSC22D1,0.0603989872538339
TSC22D2,0.0969811473502082
TSC22D3,-0.0100194719717106
TSFM,0.287292028012531
TSG101,0.163768164705516
TSN,-0.00897539486026315
TSNAX,-0.193045433404689
TSPAN7,0.904062635911337
TSPO,-0.618499735332456
TSR2,-0.436512105513368
TSSC1,0.299507490479149
TST,0.310557257578279
TSTA3,0.28402241944209
TTC1,0.0833074338326797
TTC37,-0.033771633091279
TTC7B,0.425932363917063
TTC9,0.119168910101464
TTC9C,-0.014149389405504
TTLL12,0.00472514343390091
TTPAL,-0.00167743669142681
TTR,0.085098099401359
TTYH1,0.496063384858052
TUBA1A,0.484268594224861
TUBA1B,0.20384157382655
TUBA3D,0.764462650903328
TUBA4A,0.317750343734051
TUBA8,0.566685079761075
TUBB,0.72944405230207
TUBB2A,0.693281669882487
TUBB2B,-0.279417063383535
TUBB3,-0.658390620531416
TUBB4A,-0.10767214383421214
TUBB4B,-0.196085443478816
TUBB6,0.0348713776110287
TUBB8,0.148238073255152
TUBG2,-0.186550190123951
TUFM,3.33457520938079
TWF1,-0.260356199347704
TWF2,0.970238723979703
TXN,0.288288177942856
TXN2,-0.500879791673363
TXNDC12,-0.0348166710666713
TXNDC17,-0.717019625871871
TXNDC5,0.264079732937237
TXNL1,-2.03999948023112
TXNRD1,-0.55419978404455
TXNRD2,0.475441589257599
U2AF2,-0.436473425819957
UBA1,-4.71793190281419
UBA2,-0.131114622812519
UBA3,-0.860909595121144
UBA5,-0.909556300514073
UBA6,-1.14135089594444
UBAC1,-0.144640478428824
UBAP2L,0.181694712720223
UBE2D2,0.51298011888239
UBE2D3,1.47947725087747
UBE2H,0.166087448738229
UBE2I,-0.346854583924021
UBE2K,0.768668311643644
UBE2L3,-0.999612304986435
UBE2M,-0.0547124986425718
UBE2N,0.031395202749133
UBE2O,-1.4112999886106
UBE2Q1,-0.366045676792266
UBE2V1,-0.0400924227157003
UBE2V2,-1.08363968356284
UBE2Z,-0.118345468535058
UBE3A,0.14391410470168
UBE3C,-0.155751179929313
UBE4A,-0.114401556237896
UBL4A,0.755862238724002
UBL5,-0.470388312658109
UBLCP1,0.106172280353979
UBQLN1,-0.338671990531077
UBQLN2,0.150776722537853
UBQLN4,-0.129081113587511
UBR1,-0.0190768055041387
UBR3,0.346379402381512
UBR4,-0.0654745356543451
UBXN1,-0.209551953511126
UBXN6,0.727042264282868
UCHL1,0.944674167962345
UCHL3,-0.382358883850353
UCHL5,0.319343262983415
UFC1,-0.363578184171317
UFD1L,-0.060477838071449
UFL1,0.0297312616401924
UFM1,0.2461404558747
UGGT1,0.368708322202787
UGP2,-0.9857028170237081
ULK3,-0.33510533702481
UNC13A,0.449796848702517
UPF1,-1.25999225281085
UQCC1,-0.111997270771125
UQCC2,-0.472250172479555
UQCR10,0.27296630723303
UQCR11,-0.126660755714534
UQCRB,0.689202160747493
UQCRC1,1.00763779890586
UQCRC2,1.34366195369159
UQCRFS1,1.26065972403904
UQCRH,0.863381045500115
UQCRQ,0.926273765563977
UROD,0.0711507338200564
USMG5,0.33419353688408
USO1,-0.337710463690262
USP10,0.323594823905644
USP11,0.619528003670911
USP14,0.515128344293379
USP15,-0.115113763687557
USP24,-0.0300437447895933
USP46,0.0195090136021832
USP47,-0.485242989891371
USP5,-1.40401146828395
USP7,1.44797091268934
USP9X,0.410999006328977
UTRN,-0.0929838216358239
VAC14,0.750410937582071
VAMP1,-0.474613207185473
VAMP2,0.896477810694287
VAPA,0.64137703906585
VAPB,1.24577524195399
VARS,-0.0785797666132614
VAT1,-0.860178796860683
VAT1L,-0.286335790354976
VBP1,0.0948788780596666
VCAN,-1.0410471978568
VCL,-1.34513536814502
VCP,-2.81799655966438
VCPIP1,0.079314853070189
VDAC1,1.82348150263231
VDAC2,1.49054903037211
VDAC3,1.72050830821373
VGF,0.83957257598281
VIM,-0.621263802738252
VKORC1L1,0.365758265042725
VPS11,-0.224231084600562
VPS13A,-0.261146930459583
VPS13C,-0.225624421626479
VPS13D,0.224677328170399
VPS16,0.0324088128378104
VPS18,-0.174344594841877
VPS25,0.0425293817287205
VPS26A,-0.901459310875951
VPS26B,0.497370745617103
VPS28,-0.3517253758801
VPS29,0.892231431765049
VPS33A,0.0349547891873689
VPS33B,-0.37170757096905
VPS35,0.904834871090146
VPS36,0.188167233186195
VPS37A,-0.267190435271913
VPS39,-0.356777922783773
VPS41,-0.0795445925739177
VPS45,1.21233705402884
VPS4A,0.0902624872991063
VPS4B,-0.115794371890487
VPS51,0.777574289694086
VPS52,0.0114487574910286
VPS53,-0.18251577164753
VPS8,-0.387548808287563
VSNL1,0.0825018590366436
VTA1,-0.381897040596051
VTI1B,-0.206297648030272
VWA8,0.135802516919966
WARS,1.21061524525961
WASF1,1.9448923217454
WASF3,-0.0538663326386538
WASL,1.01453758710022
WBP2,0.361021026874124
WDFY1,0.745583753081893
WDFY3,0.657055695219183
WDR1,-1.4841544534915
WDR11,-0.733829008710193
WDR13,0.2864446314036035
WDR17,0.42201608868444
WDR26,-0.540914169352487
WDR37,0.846875094880899
WDR41,0.228492398310929
WDR44,-0.391631332460959
WDR45,0.235691846852735
WDR45B,0.161544270975211
WDR47,0.194097268996709
WDR48,0.109510487822215
WDR61,-0.302542339980079
WDR7,2.12918322991064
WDR77,-0.724954635549007
WDR82,0.0446162839356316
WDR91,0.270562364266716
WFS1,-0.299028720200339
WIPF2,-0.0926065657751996
WIPI2,-0.982981538813932
WNK1,-0.159093282124377
WNK2,0.555753955571525
WNK4,0.312080883068316
XPNPEP1,0.314924242184117
XPO1,0.0005
XPO7,-0.0412970044559445
XPOT,-0.192841872099157
XRCC5,-0.271247294164063
XRCC6,-1.86976801232424
YARS,0.95212452857892
YARS2,-0.0609926732171562
YIF1B,-0.276815643777828
YKT6,0.536923868219673
YTHDF2,-0.239815696081436
YWHAB,0.613698468195051
YWHAE,-1.44463698116894
YWHAG,-0.123922745806388
YWHAH,-0.236222169934864
YWHAQ,0.38208468224057
YWHAZ,1.17897946244786
ZADH2,0.389572273853874
ZC2HC1A,0.1654294643323
ZC3H15,-0.119093692479212
ZDHHC5,0.584870341478234
ZFYVE21,-0.316740612964431
ZMPSTE24,0.353375287311649
ZNF207,0.121070237008418
ZNF365,0.067894041962618
ZNF484,0.768149299327808
ZRANB2,-0.268227613493241
ZW10,0.115965482771047
ZYG11B,-0.460652043940739
ZYX,0.0117119434909316
uncharacterized,0.964688730416317
