donor,gsm,src_celltype,target_class,size_bytes,name,url
M5276,GSM9034339,Astro1,Astro,594843881,GSM9034339_M5276_Astro1.allc.tsv.gz,https://ftp.ncbi.nlm.nih.gov/geo/samples/GSM9034nnn/GSM9034339/suppl/GSM9034339_M5276_Astro1.allc.tsv.gz
M5276,GSM9034339,Astro2,Astro,2976499697,GSM9034339_M5276_Astro2.allc.tsv.gz,https://ftp.ncbi.nlm.nih.gov/geo/samples/GSM9034nnn/GSM9034339/suppl/GSM9034339_M5276_Astro2.allc.tsv.gz
PB13414,GSM9034327,Astro1,Astro,2291593243,GSM9034327_PB13414_Astro1.allc.tsv.gz,https://ftp.ncbi.nlm.nih.gov/geo/samples/GSM9034nnn/GSM9034327/suppl/GSM9034327_PB13414_Astro1.allc.tsv.gz
PB13414,GSM9034327,Astro2,Astro,2884841863,GSM9034327_PB13414_Astro2.allc.tsv.gz,https://ftp.ncbi.nlm.nih.gov/geo/samples/GSM9034nnn/GSM9034327/suppl/GSM9034327_PB13414_Astro2.allc.tsv.gz
hc11,GSM9034317,Astro1,Astro,760234231,GSM9034317_hc11_Astro1.allc.tsv.gz,https://ftp.ncbi.nlm.nih.gov/geo/samples/GSM9034nnn/GSM9034317/suppl/GSM9034317_hc11_Astro1.allc.tsv.gz
hc11,GSM9034317,Astro2,Astro,1070955077,GSM9034317_hc11_Astro2.allc.tsv.gz,https://ftp.ncbi.nlm.nih.gov/geo/samples/GSM9034nnn/GSM9034317/suppl/GSM9034317_hc11_Astro2.allc.tsv.gz
hc1153,GSM9034319,Astro1,Astro,229925605,GSM9034319_hc1153_Astro1.allc.tsv.gz,https://ftp.ncbi.nlm.nih.gov/geo/samples/GSM9034nnn/GSM9034319/suppl/GSM9034319_hc1153_Astro1.allc.tsv.gz
hc1153,GSM9034319,Astro2,Astro,902288113,GSM9034319_hc1153_Astro2.allc.tsv.gz,https://ftp.ncbi.nlm.nih.gov/geo/samples/GSM9034nnn/GSM9034319/suppl/GSM9034319_hc1153_Astro2.allc.tsv.gz
hc12,GSM9034320,Astro1,Astro,1388908000,GSM9034320_hc12_Astro1.allc.tsv.gz,https://ftp.ncbi.nlm.nih.gov/geo/samples/GSM9034nnn/GSM9034320/suppl/GSM9034320_hc12_Astro1.allc.tsv.gz
hc12,GSM9034320,Astro2,Astro,820157118,GSM9034320_hc12_Astro2.allc.tsv.gz,https://ftp.ncbi.nlm.nih.gov/geo/samples/GSM9034nnn/GSM9034320/suppl/GSM9034320_hc12_Astro2.allc.tsv.gz
hc1271,GSM9034324,Astro1,Astro,507619154,GSM9034324_hc1271_Astro1.allc.tsv.gz,https://ftp.ncbi.nlm.nih.gov/geo/samples/GSM9034nnn/GSM9034324/suppl/GSM9034324_hc1271_Astro1.allc.tsv.gz
hc1271,GSM9034324,Astro2,Astro,2546536686,GSM9034324_hc1271_Astro2.allc.tsv.gz,https://ftp.ncbi.nlm.nih.gov/geo/samples/GSM9034nnn/GSM9034324/suppl/GSM9034324_hc1271_Astro2.allc.tsv.gz
hc19,GSM9034329,Astro1,Astro,19092652,GSM9034329_hc19_Astro1.allc.tsv.gz,https://ftp.ncbi.nlm.nih.gov/geo/samples/GSM9034nnn/GSM9034329/suppl/GSM9034329_hc19_Astro1.allc.tsv.gz
hc19,GSM9034329,Astro2,Astro,124957884,GSM9034329_hc19_Astro2.allc.tsv.gz,https://ftp.ncbi.nlm.nih.gov/geo/samples/GSM9034nnn/GSM9034329/suppl/GSM9034329_hc19_Astro2.allc.tsv.gz
hc26,GSM9034331,Astro1,Astro,91729698,GSM9034331_hc26_Astro1.allc.tsv.gz,https://ftp.ncbi.nlm.nih.gov/geo/samples/GSM9034nnn/GSM9034331/suppl/GSM9034331_hc26_Astro1.allc.tsv.gz
hc26,GSM9034331,Astro2,Astro,664752203,GSM9034331_hc26_Astro2.allc.tsv.gz,https://ftp.ncbi.nlm.nih.gov/geo/samples/GSM9034nnn/GSM9034331/suppl/GSM9034331_hc26_Astro2.allc.tsv.gz
hc29,GSM9034332,Astro1,Astro,2113820379,GSM9034332_hc29_Astro1.allc.tsv.gz,https://ftp.ncbi.nlm.nih.gov/geo/samples/GSM9034nnn/GSM9034332/suppl/GSM9034332_hc29_Astro1.allc.tsv.gz
hc29,GSM9034332,Astro2,Astro,142793665,GSM9034332_hc29_Astro2.allc.tsv.gz,https://ftp.ncbi.nlm.nih.gov/geo/samples/GSM9034nnn/GSM9034332/suppl/GSM9034332_hc29_Astro2.allc.tsv.gz
hc35,GSM9034333,Astro1,Astro,1690259521,GSM9034333_hc35_Astro1.allc.tsv.gz,https://ftp.ncbi.nlm.nih.gov/geo/samples/GSM9034nnn/GSM9034333/suppl/GSM9034333_hc35_Astro1.allc.tsv.gz
hc35,GSM9034333,Astro2,Astro,356493945,GSM9034333_hc35_Astro2.allc.tsv.gz,https://ftp.ncbi.nlm.nih.gov/geo/samples/GSM9034nnn/GSM9034333/suppl/GSM9034333_hc35_Astro2.allc.tsv.gz
hc40,GSM9034334,Astro1,Astro,269248309,GSM9034334_hc40_Astro1.allc.tsv.gz,https://ftp.ncbi.nlm.nih.gov/geo/samples/GSM9034nnn/GSM9034334/suppl/GSM9034334_hc40_Astro1.allc.tsv.gz
hc40,GSM9034334,Astro2,Astro,229719402,GSM9034334_hc40_Astro2.allc.tsv.gz,https://ftp.ncbi.nlm.nih.gov/geo/samples/GSM9034nnn/GSM9034334/suppl/GSM9034334_hc40_Astro2.allc.tsv.gz
hc73,GSM9034347,Astro1,Astro,1564482801,GSM9034347_hc73_Astro1.allc.tsv.gz,https://ftp.ncbi.nlm.nih.gov/geo/samples/GSM9034nnn/GSM9034347/suppl/GSM9034347_hc73_Astro1.allc.tsv.gz
hc73,GSM9034347,Astro2,Astro,56920345,GSM9034347_hc73_Astro2.allc.tsv.gz,https://ftp.ncbi.nlm.nih.gov/geo/samples/GSM9034nnn/GSM9034347/suppl/GSM9034347_hc73_Astro2.allc.tsv.gz
hc76,GSM9034349,Astro1,Astro,3963736434,GSM9034349_hc76_Astro1.allc.tsv.gz,https://ftp.ncbi.nlm.nih.gov/geo/samples/GSM9034nnn/GSM9034349/suppl/GSM9034349_hc76_Astro1.allc.tsv.gz
hc76,GSM9034349,Astro2,Astro,2100195744,GSM9034349_hc76_Astro2.allc.tsv.gz,https://ftp.ncbi.nlm.nih.gov/geo/samples/GSM9034nnn/GSM9034349/suppl/GSM9034349_hc76_Astro2.allc.tsv.gz
hc78,GSM9034350,Astro1,Astro,1679443336,GSM9034350_hc78_Astro1.allc.tsv.gz,https://ftp.ncbi.nlm.nih.gov/geo/samples/GSM9034nnn/GSM9034350/suppl/GSM9034350_hc78_Astro1.allc.tsv.gz
hc8,GSM9034351,Astro1,Astro,1920840934,GSM9034351_hc8_Astro1.allc.tsv.gz,https://ftp.ncbi.nlm.nih.gov/geo/samples/GSM9034nnn/GSM9034351/suppl/GSM9034351_hc8_Astro1.allc.tsv.gz
hc8,GSM9034351,Astro2,Astro,331297426,GSM9034351_hc8_Astro2.allc.tsv.gz,https://ftp.ncbi.nlm.nih.gov/geo/samples/GSM9034nnn/GSM9034351/suppl/GSM9034351_hc8_Astro2.allc.tsv.gz
hc81,GSM9034352,Astro1,Astro,1273167909,GSM9034352_hc81_Astro1.allc.tsv.gz,https://ftp.ncbi.nlm.nih.gov/geo/samples/GSM9034nnn/GSM9034352/suppl/GSM9034352_hc81_Astro1.allc.tsv.gz
hc81,GSM9034352,Astro2,Astro,1940164110,GSM9034352_hc81_Astro2.allc.tsv.gz,https://ftp.ncbi.nlm.nih.gov/geo/samples/GSM9034nnn/GSM9034352/suppl/GSM9034352_hc81_Astro2.allc.tsv.gz
hc9,GSM9034353,Astro1,Astro,638542268,GSM9034353_hc9_Astro1.allc.tsv.gz,https://ftp.ncbi.nlm.nih.gov/geo/samples/GSM9034nnn/GSM9034353/suppl/GSM9034353_hc9_Astro1.allc.tsv.gz
hc9,GSM9034353,Astro2,Astro,903458467,GSM9034353_hc9_Astro2.allc.tsv.gz,https://ftp.ncbi.nlm.nih.gov/geo/samples/GSM9034nnn/GSM9034353/suppl/GSM9034353_hc9_Astro2.allc.tsv.gz
hc98,GSM9034356,Astro1,Astro,580862456,GSM9034356_hc98_Astro1.allc.tsv.gz,https://ftp.ncbi.nlm.nih.gov/geo/samples/GSM9034nnn/GSM9034356/suppl/GSM9034356_hc98_Astro1.allc.tsv.gz
hc98,GSM9034356,Astro2,Astro,161001330,GSM9034356_hc98_Astro2.allc.tsv.gz,https://ftp.ncbi.nlm.nih.gov/geo/samples/GSM9034nnn/GSM9034356/suppl/GSM9034356_hc98_Astro2.allc.tsv.gz
hs46426,GSM9034335,Astro1,Astro,919263164,GSM9034335_hs46426_Astro1.allc.tsv.gz,https://ftp.ncbi.nlm.nih.gov/geo/samples/GSM9034nnn/GSM9034335/suppl/GSM9034335_hs46426_Astro1.allc.tsv.gz
hs46426,GSM9034335,Astro2,Astro,531702335,GSM9034335_hs46426_Astro2.allc.tsv.gz,https://ftp.ncbi.nlm.nih.gov/geo/samples/GSM9034nnn/GSM9034335/suppl/GSM9034335_hs46426_Astro2.allc.tsv.gz
k1203,GSM9034321,Astro1,Astro,595348123,GSM9034321_k1203_Astro1.allc.tsv.gz,https://ftp.ncbi.nlm.nih.gov/geo/samples/GSM9034nnn/GSM9034321/suppl/GSM9034321_k1203_Astro1.allc.tsv.gz
k1203,GSM9034321,Astro2,Astro,291932397,GSM9034321_k1203_Astro2.allc.tsv.gz,https://ftp.ncbi.nlm.nih.gov/geo/samples/GSM9034nnn/GSM9034321/suppl/GSM9034321_k1203_Astro2.allc.tsv.gz
k1216,GSM9034322,Astro1,Astro,990491343,GSM9034322_k1216_Astro1.allc.tsv.gz,https://ftp.ncbi.nlm.nih.gov/geo/samples/GSM9034nnn/GSM9034322/suppl/GSM9034322_k1216_Astro1.allc.tsv.gz
k1216,GSM9034322,Astro2,Astro,226944159,GSM9034322_k1216_Astro2.allc.tsv.gz,https://ftp.ncbi.nlm.nih.gov/geo/samples/GSM9034nnn/GSM9034322/suppl/GSM9034322_k1216_Astro2.allc.tsv.gz
k1265,GSM9034323,Astro1,Astro,479568970,GSM9034323_k1265_Astro1.allc.tsv.gz,https://ftp.ncbi.nlm.nih.gov/geo/samples/GSM9034nnn/GSM9034323/suppl/GSM9034323_k1265_Astro1.allc.tsv.gz
k1265,GSM9034323,Astro2,Astro,914569861,GSM9034323_k1265_Astro2.allc.tsv.gz,https://ftp.ncbi.nlm.nih.gov/geo/samples/GSM9034nnn/GSM9034323/suppl/GSM9034323_k1265_Astro2.allc.tsv.gz
m1134,GSM9034318,Astro1,Astro,2163135954,GSM9034318_m1134_Astro1.allc.tsv.gz,https://ftp.ncbi.nlm.nih.gov/geo/samples/GSM9034nnn/GSM9034318/suppl/GSM9034318_m1134_Astro1.allc.tsv.gz
m1134,GSM9034318,Astro2,Astro,1649998475,GSM9034318_m1134_Astro2.allc.tsv.gz,https://ftp.ncbi.nlm.nih.gov/geo/samples/GSM9034nnn/GSM9034318/suppl/GSM9034318_m1134_Astro2.allc.tsv.gz
m1745,GSM9034328,Astro1,Astro,1553907919,GSM9034328_m1745_Astro1.allc.tsv.gz,https://ftp.ncbi.nlm.nih.gov/geo/samples/GSM9034nnn/GSM9034328/suppl/GSM9034328_m1745_Astro1.allc.tsv.gz
m1745,GSM9034328,Astro2,Astro,1236915345,GSM9034328_m1745_Astro2.allc.tsv.gz,https://ftp.ncbi.nlm.nih.gov/geo/samples/GSM9034nnn/GSM9034328/suppl/GSM9034328_m1745_Astro2.allc.tsv.gz
m4781,GSM9034336,Astro1,Astro,1031009213,GSM9034336_m4781_Astro1.allc.tsv.gz,https://ftp.ncbi.nlm.nih.gov/geo/samples/GSM9034nnn/GSM9034336/suppl/GSM9034336_m4781_Astro1.allc.tsv.gz
m4781,GSM9034336,Astro2,Astro,1572989825,GSM9034336_m4781_Astro2.allc.tsv.gz,https://ftp.ncbi.nlm.nih.gov/geo/samples/GSM9034nnn/GSM9034336/suppl/GSM9034336_m4781_Astro2.allc.tsv.gz
m5021,GSM9034337,Astro1,Astro,1532474372,GSM9034337_m5021_Astro1.allc.tsv.gz,https://ftp.ncbi.nlm.nih.gov/geo/samples/GSM9034nnn/GSM9034337/suppl/GSM9034337_m5021_Astro1.allc.tsv.gz
m5021,GSM9034337,Astro2,Astro,1857712483,GSM9034337_m5021_Astro2.allc.tsv.gz,https://ftp.ncbi.nlm.nih.gov/geo/samples/GSM9034nnn/GSM9034337/suppl/GSM9034337_m5021_Astro2.allc.tsv.gz
m5087,GSM9034338,Astro1,Astro,683546324,GSM9034338_m5087_Astro1.allc.tsv.gz,https://ftp.ncbi.nlm.nih.gov/geo/samples/GSM9034nnn/GSM9034338/suppl/GSM9034338_m5087_Astro1.allc.tsv.gz
m5087,GSM9034338,Astro2,Astro,1928059742,GSM9034338_m5087_Astro2.allc.tsv.gz,https://ftp.ncbi.nlm.nih.gov/geo/samples/GSM9034nnn/GSM9034338/suppl/GSM9034338_m5087_Astro2.allc.tsv.gz
m5551,GSM9034340,Astro1,Astro,1233497232,GSM9034340_m5551_Astro1.allc.tsv.gz,https://ftp.ncbi.nlm.nih.gov/geo/samples/GSM9034nnn/GSM9034340/suppl/GSM9034340_m5551_Astro1.allc.tsv.gz
m5551,GSM9034340,Astro2,Astro,1862220359,GSM9034340_m5551_Astro2.allc.tsv.gz,https://ftp.ncbi.nlm.nih.gov/geo/samples/GSM9034nnn/GSM9034340/suppl/GSM9034340_m5551_Astro2.allc.tsv.gz
m5579,GSM9034341,Astro1,Astro,1191860724,GSM9034341_m5579_Astro1.allc.tsv.gz,https://ftp.ncbi.nlm.nih.gov/geo/samples/GSM9034nnn/GSM9034341/suppl/GSM9034341_m5579_Astro1.allc.tsv.gz
m5579,GSM9034341,Astro2,Astro,1590724503,GSM9034341_m5579_Astro2.allc.tsv.gz,https://ftp.ncbi.nlm.nih.gov/geo/samples/GSM9034nnn/GSM9034341/suppl/GSM9034341_m5579_Astro2.allc.tsv.gz
m5610,GSM9034342,Astro1,Astro,544783722,GSM9034342_m5610_Astro1.allc.tsv.gz,https://ftp.ncbi.nlm.nih.gov/geo/samples/GSM9034nnn/GSM9034342/suppl/GSM9034342_m5610_Astro1.allc.tsv.gz
m5610,GSM9034342,Astro2,Astro,684592158,GSM9034342_m5610_Astro2.allc.tsv.gz,https://ftp.ncbi.nlm.nih.gov/geo/samples/GSM9034nnn/GSM9034342/suppl/GSM9034342_m5610_Astro2.allc.tsv.gz
m5614,GSM9034343,Astro1,Astro,850439512,GSM9034343_m5614_Astro1.allc.tsv.gz,https://ftp.ncbi.nlm.nih.gov/geo/samples/GSM9034nnn/GSM9034343/suppl/GSM9034343_m5614_Astro1.allc.tsv.gz
m5614,GSM9034343,Astro2,Astro,724931366,GSM9034343_m5614_Astro2.allc.tsv.gz,https://ftp.ncbi.nlm.nih.gov/geo/samples/GSM9034nnn/GSM9034343/suppl/GSM9034343_m5614_Astro2.allc.tsv.gz
m6052,GSM9034345,Astro1,Astro,1595448817,GSM9034345_m6052_Astro1.allc.tsv.gz,https://ftp.ncbi.nlm.nih.gov/geo/samples/GSM9034nnn/GSM9034345/suppl/GSM9034345_m6052_Astro1.allc.tsv.gz
m6052,GSM9034345,Astro2,Astro,2130904022,GSM9034345_m6052_Astro2.allc.tsv.gz,https://ftp.ncbi.nlm.nih.gov/geo/samples/GSM9034nnn/GSM9034345/suppl/GSM9034345_m6052_Astro2.allc.tsv.gz
m935,GSM9034354,Astro1,Astro,691215158,GSM9034354_m935_Astro1.allc.tsv.gz,https://ftp.ncbi.nlm.nih.gov/geo/samples/GSM9034nnn/GSM9034354/suppl/GSM9034354_m935_Astro1.allc.tsv.gz
m935,GSM9034354,Astro2,Astro,493825858,GSM9034354_m935_Astro2.allc.tsv.gz,https://ftp.ncbi.nlm.nih.gov/geo/samples/GSM9034nnn/GSM9034354/suppl/GSM9034354_m935_Astro2.allc.tsv.gz
m937,GSM9034355,Astro1,Astro,1524679408,GSM9034355_m937_Astro1.allc.tsv.gz,https://ftp.ncbi.nlm.nih.gov/geo/samples/GSM9034nnn/GSM9034355/suppl/GSM9034355_m937_Astro1.allc.tsv.gz
m937,GSM9034355,Astro2,Astro,658019261,GSM9034355_m937_Astro2.allc.tsv.gz,https://ftp.ncbi.nlm.nih.gov/geo/samples/GSM9034nnn/GSM9034355/suppl/GSM9034355_m937_Astro2.allc.tsv.gz
ms212191,GSM9034330,Astro1,Astro,1009973420,GSM9034330_ms212191_Astro1.allc.tsv.gz,https://ftp.ncbi.nlm.nih.gov/geo/samples/GSM9034nnn/GSM9034330/suppl/GSM9034330_ms212191_Astro1.allc.tsv.gz
ms212191,GSM9034330,Astro2,Astro,499149027,GSM9034330_ms212191_Astro2.allc.tsv.gz,https://ftp.ncbi.nlm.nih.gov/geo/samples/GSM9034nnn/GSM9034330/suppl/GSM9034330_ms212191_Astro2.allc.tsv.gz
ms69984,GSM9034346,Astro1,Astro,1655627004,GSM9034346_ms69984_Astro1.allc.tsv.gz,https://ftp.ncbi.nlm.nih.gov/geo/samples/GSM9034nnn/GSM9034346/suppl/GSM9034346_ms69984_Astro1.allc.tsv.gz
ms69984,GSM9034346,Astro2,Astro,1950131638,GSM9034346_ms69984_Astro2.allc.tsv.gz,https://ftp.ncbi.nlm.nih.gov/geo/samples/GSM9034nnn/GSM9034346/suppl/GSM9034346_ms69984_Astro2.allc.tsv.gz
ms73787,GSM9034348,Astro1,Astro,550816636,GSM9034348_ms73787_Astro1.allc.tsv.gz,https://ftp.ncbi.nlm.nih.gov/geo/samples/GSM9034nnn/GSM9034348/suppl/GSM9034348_ms73787_Astro1.allc.tsv.gz
ms73787,GSM9034348,Astro2,Astro,1904557211,GSM9034348_ms73787_Astro2.allc.tsv.gz,https://ftp.ncbi.nlm.nih.gov/geo/samples/GSM9034nnn/GSM9034348/suppl/GSM9034348_ms73787_Astro2.allc.tsv.gz
pb13344,GSM9034325,Astro1,Astro,2713496306,GSM9034325_pb13344_Astro1.allc.tsv.gz,https://ftp.ncbi.nlm.nih.gov/geo/samples/GSM9034nnn/GSM9034325/suppl/GSM9034325_pb13344_Astro1.allc.tsv.gz
pb13344,GSM9034325,Astro2,Astro,444654286,GSM9034325_pb13344_Astro2.allc.tsv.gz,https://ftp.ncbi.nlm.nih.gov/geo/samples/GSM9034nnn/GSM9034325/suppl/GSM9034325_pb13344_Astro2.allc.tsv.gz
pb13394,GSM9034326,Astro1,Astro,1468408370,GSM9034326_pb13394_Astro1.allc.tsv.gz,https://ftp.ncbi.nlm.nih.gov/geo/samples/GSM9034nnn/GSM9034326/suppl/GSM9034326_pb13394_Astro1.allc.tsv.gz
pb13394,GSM9034326,Astro2,Astro,988074112,GSM9034326_pb13394_Astro2.allc.tsv.gz,https://ftp.ncbi.nlm.nih.gov/geo/samples/GSM9034nnn/GSM9034326/suppl/GSM9034326_pb13394_Astro2.allc.tsv.gz
s6021,GSM9034344,Astro1,Astro,527438041,GSM9034344_s6021_Astro1.allc.tsv.gz,https://ftp.ncbi.nlm.nih.gov/geo/samples/GSM9034nnn/GSM9034344/suppl/GSM9034344_s6021_Astro1.allc.tsv.gz
s6021,GSM9034344,Astro2,Astro,1328286168,GSM9034344_s6021_Astro2.allc.tsv.gz,https://ftp.ncbi.nlm.nih.gov/geo/samples/GSM9034nnn/GSM9034344/suppl/GSM9034344_s6021_Astro2.allc.tsv.gz
M5276,GSM9034339,Endo,Endo,249221793,GSM9034339_M5276_Endo.allc.tsv.gz,https://ftp.ncbi.nlm.nih.gov/geo/samples/GSM9034nnn/GSM9034339/suppl/GSM9034339_M5276_Endo.allc.tsv.gz
PB13414,GSM9034327,Endo,Endo,409929104,GSM9034327_PB13414_Endo.allc.tsv.gz,https://ftp.ncbi.nlm.nih.gov/geo/samples/GSM9034nnn/GSM9034327/suppl/GSM9034327_PB13414_Endo.allc.tsv.gz
hc11,GSM9034317,Endo,Endo,84123929,GSM9034317_hc11_Endo.allc.tsv.gz,https://ftp.ncbi.nlm.nih.gov/geo/samples/GSM9034nnn/GSM9034317/suppl/GSM9034317_hc11_Endo.allc.tsv.gz
hc12,GSM9034320,Endo,Endo,102583984,GSM9034320_hc12_Endo.allc.tsv.gz,https://ftp.ncbi.nlm.nih.gov/geo/samples/GSM9034nnn/GSM9034320/suppl/GSM9034320_hc12_Endo.allc.tsv.gz
hc1271,GSM9034324,Endo,Endo,59606974,GSM9034324_hc1271_Endo.allc.tsv.gz,https://ftp.ncbi.nlm.nih.gov/geo/samples/GSM9034nnn/GSM9034324/suppl/GSM9034324_hc1271_Endo.allc.tsv.gz
hc19,GSM9034329,Endo,Endo,49728826,GSM9034329_hc19_Endo.allc.tsv.gz,https://ftp.ncbi.nlm.nih.gov/geo/samples/GSM9034nnn/GSM9034329/suppl/GSM9034329_hc19_Endo.allc.tsv.gz
hc29,GSM9034332,Endo,Endo,132572791,GSM9034332_hc29_Endo.allc.tsv.gz,https://ftp.ncbi.nlm.nih.gov/geo/samples/GSM9034nnn/GSM9034332/suppl/GSM9034332_hc29_Endo.allc.tsv.gz
hc35,GSM9034333,Endo,Endo,254983850,GSM9034333_hc35_Endo.allc.tsv.gz,https://ftp.ncbi.nlm.nih.gov/geo/samples/GSM9034nnn/GSM9034333/suppl/GSM9034333_hc35_Endo.allc.tsv.gz
hc73,GSM9034347,Endo,Endo,69574342,GSM9034347_hc73_Endo.allc.tsv.gz,https://ftp.ncbi.nlm.nih.gov/geo/samples/GSM9034nnn/GSM9034347/suppl/GSM9034347_hc73_Endo.allc.tsv.gz
hc76,GSM9034349,Endo,Endo,215265129,GSM9034349_hc76_Endo.allc.tsv.gz,https://ftp.ncbi.nlm.nih.gov/geo/samples/GSM9034nnn/GSM9034349/suppl/GSM9034349_hc76_Endo.allc.tsv.gz
hc8,GSM9034351,Endo,Endo,123716975,GSM9034351_hc8_Endo.allc.tsv.gz,https://ftp.ncbi.nlm.nih.gov/geo/samples/GSM9034nnn/GSM9034351/suppl/GSM9034351_hc8_Endo.allc.tsv.gz
hc81,GSM9034352,Endo,Endo,9749889,GSM9034352_hc81_Endo.allc.tsv.gz,https://ftp.ncbi.nlm.nih.gov/geo/samples/GSM9034nnn/GSM9034352/suppl/GSM9034352_hc81_Endo.allc.tsv.gz
hc98,GSM9034356,Endo,Endo,8792198,GSM9034356_hc98_Endo.allc.tsv.gz,https://ftp.ncbi.nlm.nih.gov/geo/samples/GSM9034nnn/GSM9034356/suppl/GSM9034356_hc98_Endo.allc.tsv.gz
hs46426,GSM9034335,Endo,Endo,34722062,GSM9034335_hs46426_Endo.allc.tsv.gz,https://ftp.ncbi.nlm.nih.gov/geo/samples/GSM9034nnn/GSM9034335/suppl/GSM9034335_hs46426_Endo.allc.tsv.gz
k1216,GSM9034322,Endo,Endo,50966913,GSM9034322_k1216_Endo.allc.tsv.gz,https://ftp.ncbi.nlm.nih.gov/geo/samples/GSM9034nnn/GSM9034322/suppl/GSM9034322_k1216_Endo.allc.tsv.gz
m1134,GSM9034318,Endo,Endo,325830691,GSM9034318_m1134_Endo.allc.tsv.gz,https://ftp.ncbi.nlm.nih.gov/geo/samples/GSM9034nnn/GSM9034318/suppl/GSM9034318_m1134_Endo.allc.tsv.gz
m5551,GSM9034340,Endo,Endo,294228385,GSM9034340_m5551_Endo.allc.tsv.gz,https://ftp.ncbi.nlm.nih.gov/geo/samples/GSM9034nnn/GSM9034340/suppl/GSM9034340_m5551_Endo.allc.tsv.gz
m5579,GSM9034341,Endo,Endo,168183812,GSM9034341_m5579_Endo.allc.tsv.gz,https://ftp.ncbi.nlm.nih.gov/geo/samples/GSM9034nnn/GSM9034341/suppl/GSM9034341_m5579_Endo.allc.tsv.gz
m5614,GSM9034343,Endo,Endo,167309756,GSM9034343_m5614_Endo.allc.tsv.gz,https://ftp.ncbi.nlm.nih.gov/geo/samples/GSM9034nnn/GSM9034343/suppl/GSM9034343_m5614_Endo.allc.tsv.gz
m6052,GSM9034345,Endo,Endo,109493894,GSM9034345_m6052_Endo.allc.tsv.gz,https://ftp.ncbi.nlm.nih.gov/geo/samples/GSM9034nnn/GSM9034345/suppl/GSM9034345_m6052_Endo.allc.tsv.gz
m935,GSM9034354,Endo,Endo,14293764,GSM9034354_m935_Endo.allc.tsv.gz,https://ftp.ncbi.nlm.nih.gov/geo/samples/GSM9034nnn/GSM9034354/suppl/GSM9034354_m935_Endo.allc.tsv.gz
m937,GSM9034355,Endo,Endo,302734245,GSM9034355_m937_Endo.allc.tsv.gz,https://ftp.ncbi.nlm.nih.gov/geo/samples/GSM9034nnn/GSM9034355/suppl/GSM9034355_m937_Endo.allc.tsv.gz
ms212191,GSM9034330,Endo,Endo,32965668,GSM9034330_ms212191_Endo.allc.tsv.gz,https://ftp.ncbi.nlm.nih.gov/geo/samples/GSM9034nnn/GSM9034330/suppl/GSM9034330_ms212191_Endo.allc.tsv.gz
pb13344,GSM9034325,Endo,Endo,286528503,GSM9034325_pb13344_Endo.allc.tsv.gz,https://ftp.ncbi.nlm.nih.gov/geo/samples/GSM9034nnn/GSM9034325/suppl/GSM9034325_pb13344_Endo.allc.tsv.gz
pb13394,GSM9034326,Endo,Endo,13212519,GSM9034326_pb13394_Endo.allc.tsv.gz,https://ftp.ncbi.nlm.nih.gov/geo/samples/GSM9034nnn/GSM9034326/suppl/GSM9034326_pb13394_Endo.allc.tsv.gz
s6021,GSM9034344,Endo,Endo,136739689,GSM9034344_s6021_Endo.allc.tsv.gz,https://ftp.ncbi.nlm.nih.gov/geo/samples/GSM9034nnn/GSM9034344/suppl/GSM9034344_s6021_Endo.allc.tsv.gz
M5276,GSM9034339,Micro1,Micro,2492407370,GSM9034339_M5276_Micro1.allc.tsv.gz,https://ftp.ncbi.nlm.nih.gov/geo/samples/GSM9034nnn/GSM9034339/suppl/GSM9034339_M5276_Micro1.allc.tsv.gz
M5276,GSM9034339,Micro2,Micro,767033426,GSM9034339_M5276_Micro2.allc.tsv.gz,https://ftp.ncbi.nlm.nih.gov/geo/samples/GSM9034nnn/GSM9034339/suppl/GSM9034339_M5276_Micro2.allc.tsv.gz
PB13414,GSM9034327,Micro1,Micro,3291741959,GSM9034327_PB13414_Micro1.allc.tsv.gz,https://ftp.ncbi.nlm.nih.gov/geo/samples/GSM9034nnn/GSM9034327/suppl/GSM9034327_PB13414_Micro1.allc.tsv.gz
PB13414,GSM9034327,Micro2,Micro,1174638849,GSM9034327_PB13414_Micro2.allc.tsv.gz,https://ftp.ncbi.nlm.nih.gov/geo/samples/GSM9034nnn/GSM9034327/suppl/GSM9034327_PB13414_Micro2.allc.tsv.gz
hc11,GSM9034317,Micro2,Micro,1906556768,GSM9034317_hc11_Micro2.allc.tsv.gz,https://ftp.ncbi.nlm.nih.gov/geo/samples/GSM9034nnn/GSM9034317/suppl/GSM9034317_hc11_Micro2.allc.tsv.gz
hc1153,GSM9034319,Micro1,Micro,1103495568,GSM9034319_hc1153_Micro1.allc.tsv.gz,https://ftp.ncbi.nlm.nih.gov/geo/samples/GSM9034nnn/GSM9034319/suppl/GSM9034319_hc1153_Micro1.allc.tsv.gz
hc1153,GSM9034319,Micro2,Micro,660326363,GSM9034319_hc1153_Micro2.allc.tsv.gz,https://ftp.ncbi.nlm.nih.gov/geo/samples/GSM9034nnn/GSM9034319/suppl/GSM9034319_hc1153_Micro2.allc.tsv.gz
hc12,GSM9034320,Micro2,Micro,2057071651,GSM9034320_hc12_Micro2.allc.tsv.gz,https://ftp.ncbi.nlm.nih.gov/geo/samples/GSM9034nnn/GSM9034320/suppl/GSM9034320_hc12_Micro2.allc.tsv.gz
hc1271,GSM9034324,Micro1,Micro,1338283613,GSM9034324_hc1271_Micro1.allc.tsv.gz,https://ftp.ncbi.nlm.nih.gov/geo/samples/GSM9034nnn/GSM9034324/suppl/GSM9034324_hc1271_Micro1.allc.tsv.gz
hc1271,GSM9034324,Micro2,Micro,2501978723,GSM9034324_hc1271_Micro2.allc.tsv.gz,https://ftp.ncbi.nlm.nih.gov/geo/samples/GSM9034nnn/GSM9034324/suppl/GSM9034324_hc1271_Micro2.allc.tsv.gz
hc19,GSM9034329,Micro1,Micro,58997540,GSM9034329_hc19_Micro1.allc.tsv.gz,https://ftp.ncbi.nlm.nih.gov/geo/samples/GSM9034nnn/GSM9034329/suppl/GSM9034329_hc19_Micro1.allc.tsv.gz
hc19,GSM9034329,Micro2,Micro,872466482,GSM9034329_hc19_Micro2.allc.tsv.gz,https://ftp.ncbi.nlm.nih.gov/geo/samples/GSM9034nnn/GSM9034329/suppl/GSM9034329_hc19_Micro2.allc.tsv.gz
hc26,GSM9034331,Micro2,Micro,1289186822,GSM9034331_hc26_Micro2.allc.tsv.gz,https://ftp.ncbi.nlm.nih.gov/geo/samples/GSM9034nnn/GSM9034331/suppl/GSM9034331_hc26_Micro2.allc.tsv.gz
hc29,GSM9034332,Micro1,Micro,2120366769,GSM9034332_hc29_Micro1.allc.tsv.gz,https://ftp.ncbi.nlm.nih.gov/geo/samples/GSM9034nnn/GSM9034332/suppl/GSM9034332_hc29_Micro1.allc.tsv.gz
hc29,GSM9034332,Micro2,Micro,280512712,GSM9034332_hc29_Micro2.allc.tsv.gz,https://ftp.ncbi.nlm.nih.gov/geo/samples/GSM9034nnn/GSM9034332/suppl/GSM9034332_hc29_Micro2.allc.tsv.gz
hc35,GSM9034333,Micro1,Micro,155143741,GSM9034333_hc35_Micro1.allc.tsv.gz,https://ftp.ncbi.nlm.nih.gov/geo/samples/GSM9034nnn/GSM9034333/suppl/GSM9034333_hc35_Micro1.allc.tsv.gz
hc35,GSM9034333,Micro2,Micro,826204958,GSM9034333_hc35_Micro2.allc.tsv.gz,https://ftp.ncbi.nlm.nih.gov/geo/samples/GSM9034nnn/GSM9034333/suppl/GSM9034333_hc35_Micro2.allc.tsv.gz
hc40,GSM9034334,Micro1,Micro,199073184,GSM9034334_hc40_Micro1.allc.tsv.gz,https://ftp.ncbi.nlm.nih.gov/geo/samples/GSM9034nnn/GSM9034334/suppl/GSM9034334_hc40_Micro1.allc.tsv.gz
hc40,GSM9034334,Micro2,Micro,789714427,GSM9034334_hc40_Micro2.allc.tsv.gz,https://ftp.ncbi.nlm.nih.gov/geo/samples/GSM9034nnn/GSM9034334/suppl/GSM9034334_hc40_Micro2.allc.tsv.gz
hc73,GSM9034347,Micro1,Micro,156138973,GSM9034347_hc73_Micro1.allc.tsv.gz,https://ftp.ncbi.nlm.nih.gov/geo/samples/GSM9034nnn/GSM9034347/suppl/GSM9034347_hc73_Micro1.allc.tsv.gz
hc73,GSM9034347,Micro2,Micro,963249064,GSM9034347_hc73_Micro2.allc.tsv.gz,https://ftp.ncbi.nlm.nih.gov/geo/samples/GSM9034nnn/GSM9034347/suppl/GSM9034347_hc73_Micro2.allc.tsv.gz
hc76,GSM9034349,Micro1,Micro,3626920034,GSM9034349_hc76_Micro1.allc.tsv.gz,https://ftp.ncbi.nlm.nih.gov/geo/samples/GSM9034nnn/GSM9034349/suppl/GSM9034349_hc76_Micro1.allc.tsv.gz
hc76,GSM9034349,Micro2,Micro,743020328,GSM9034349_hc76_Micro2.allc.tsv.gz,https://ftp.ncbi.nlm.nih.gov/geo/samples/GSM9034nnn/GSM9034349/suppl/GSM9034349_hc76_Micro2.allc.tsv.gz
hc78,GSM9034350,Micro1,Micro,1753436327,GSM9034350_hc78_Micro1.allc.tsv.gz,https://ftp.ncbi.nlm.nih.gov/geo/samples/GSM9034nnn/GSM9034350/suppl/GSM9034350_hc78_Micro1.allc.tsv.gz
hc78,GSM9034350,Micro2,Micro,158915298,GSM9034350_hc78_Micro2.allc.tsv.gz,https://ftp.ncbi.nlm.nih.gov/geo/samples/GSM9034nnn/GSM9034350/suppl/GSM9034350_hc78_Micro2.allc.tsv.gz
hc8,GSM9034351,Micro1,Micro,779756159,GSM9034351_hc8_Micro1.allc.tsv.gz,https://ftp.ncbi.nlm.nih.gov/geo/samples/GSM9034nnn/GSM9034351/suppl/GSM9034351_hc8_Micro1.allc.tsv.gz
hc8,GSM9034351,Micro2,Micro,189071438,GSM9034351_hc8_Micro2.allc.tsv.gz,https://ftp.ncbi.nlm.nih.gov/geo/samples/GSM9034nnn/GSM9034351/suppl/GSM9034351_hc8_Micro2.allc.tsv.gz
hc81,GSM9034352,Micro1,Micro,2322372280,GSM9034352_hc81_Micro1.allc.tsv.gz,https://ftp.ncbi.nlm.nih.gov/geo/samples/GSM9034nnn/GSM9034352/suppl/GSM9034352_hc81_Micro1.allc.tsv.gz
hc81,GSM9034352,Micro2,Micro,594528163,GSM9034352_hc81_Micro2.allc.tsv.gz,https://ftp.ncbi.nlm.nih.gov/geo/samples/GSM9034nnn/GSM9034352/suppl/GSM9034352_hc81_Micro2.allc.tsv.gz
hc9,GSM9034353,Micro2,Micro,1633201631,GSM9034353_hc9_Micro2.allc.tsv.gz,https://ftp.ncbi.nlm.nih.gov/geo/samples/GSM9034nnn/GSM9034353/suppl/GSM9034353_hc9_Micro2.allc.tsv.gz
hc98,GSM9034356,Micro2,Micro,1721915591,GSM9034356_hc98_Micro2.allc.tsv.gz,https://ftp.ncbi.nlm.nih.gov/geo/samples/GSM9034nnn/GSM9034356/suppl/GSM9034356_hc98_Micro2.allc.tsv.gz
hs46426,GSM9034335,Micro1,Micro,477767191,GSM9034335_hs46426_Micro1.allc.tsv.gz,https://ftp.ncbi.nlm.nih.gov/geo/samples/GSM9034nnn/GSM9034335/suppl/GSM9034335_hs46426_Micro1.allc.tsv.gz
hs46426,GSM9034335,Micro2,Micro,2507172388,GSM9034335_hs46426_Micro2.allc.tsv.gz,https://ftp.ncbi.nlm.nih.gov/geo/samples/GSM9034nnn/GSM9034335/suppl/GSM9034335_hs46426_Micro2.allc.tsv.gz
k1203,GSM9034321,Micro1,Micro,909902422,GSM9034321_k1203_Micro1.allc.tsv.gz,https://ftp.ncbi.nlm.nih.gov/geo/samples/GSM9034nnn/GSM9034321/suppl/GSM9034321_k1203_Micro1.allc.tsv.gz
k1203,GSM9034321,Micro2,Micro,1034346136,GSM9034321_k1203_Micro2.allc.tsv.gz,https://ftp.ncbi.nlm.nih.gov/geo/samples/GSM9034nnn/GSM9034321/suppl/GSM9034321_k1203_Micro2.allc.tsv.gz
k1216,GSM9034322,Micro1,Micro,62240427,GSM9034322_k1216_Micro1.allc.tsv.gz,https://ftp.ncbi.nlm.nih.gov/geo/samples/GSM9034nnn/GSM9034322/suppl/GSM9034322_k1216_Micro1.allc.tsv.gz
k1216,GSM9034322,Micro2,Micro,1620554479,GSM9034322_k1216_Micro2.allc.tsv.gz,https://ftp.ncbi.nlm.nih.gov/geo/samples/GSM9034nnn/GSM9034322/suppl/GSM9034322_k1216_Micro2.allc.tsv.gz
k1265,GSM9034323,Micro1,Micro,2471942635,GSM9034323_k1265_Micro1.allc.tsv.gz,https://ftp.ncbi.nlm.nih.gov/geo/samples/GSM9034nnn/GSM9034323/suppl/GSM9034323_k1265_Micro1.allc.tsv.gz
k1265,GSM9034323,Micro2,Micro,614138254,GSM9034323_k1265_Micro2.allc.tsv.gz,https://ftp.ncbi.nlm.nih.gov/geo/samples/GSM9034nnn/GSM9034323/suppl/GSM9034323_k1265_Micro2.allc.tsv.gz
m1134,GSM9034318,Micro1,Micro,2387933695,GSM9034318_m1134_Micro1.allc.tsv.gz,https://ftp.ncbi.nlm.nih.gov/geo/samples/GSM9034nnn/GSM9034318/suppl/GSM9034318_m1134_Micro1.allc.tsv.gz
m1134,GSM9034318,Micro2,Micro,754671652,GSM9034318_m1134_Micro2.allc.tsv.gz,https://ftp.ncbi.nlm.nih.gov/geo/samples/GSM9034nnn/GSM9034318/suppl/GSM9034318_m1134_Micro2.allc.tsv.gz
m1745,GSM9034328,Micro1,Micro,1893692068,GSM9034328_m1745_Micro1.allc.tsv.gz,https://ftp.ncbi.nlm.nih.gov/geo/samples/GSM9034nnn/GSM9034328/suppl/GSM9034328_m1745_Micro1.allc.tsv.gz
m1745,GSM9034328,Micro2,Micro,1299801517,GSM9034328_m1745_Micro2.allc.tsv.gz,https://ftp.ncbi.nlm.nih.gov/geo/samples/GSM9034nnn/GSM9034328/suppl/GSM9034328_m1745_Micro2.allc.tsv.gz
m4781,GSM9034336,Micro1,Micro,2085800842,GSM9034336_m4781_Micro1.allc.tsv.gz,https://ftp.ncbi.nlm.nih.gov/geo/samples/GSM9034nnn/GSM9034336/suppl/GSM9034336_m4781_Micro1.allc.tsv.gz
m4781,GSM9034336,Micro2,Micro,289950232,GSM9034336_m4781_Micro2.allc.tsv.gz,https://ftp.ncbi.nlm.nih.gov/geo/samples/GSM9034nnn/GSM9034336/suppl/GSM9034336_m4781_Micro2.allc.tsv.gz
m5021,GSM9034337,Micro1,Micro,1929988478,GSM9034337_m5021_Micro1.allc.tsv.gz,https://ftp.ncbi.nlm.nih.gov/geo/samples/GSM9034nnn/GSM9034337/suppl/GSM9034337_m5021_Micro1.allc.tsv.gz
m5021,GSM9034337,Micro2,Micro,514310682,GSM9034337_m5021_Micro2.allc.tsv.gz,https://ftp.ncbi.nlm.nih.gov/geo/samples/GSM9034nnn/GSM9034337/suppl/GSM9034337_m5021_Micro2.allc.tsv.gz
m5087,GSM9034338,Micro1,Micro,2069037305,GSM9034338_m5087_Micro1.allc.tsv.gz,https://ftp.ncbi.nlm.nih.gov/geo/samples/GSM9034nnn/GSM9034338/suppl/GSM9034338_m5087_Micro1.allc.tsv.gz
m5087,GSM9034338,Micro2,Micro,828690254,GSM9034338_m5087_Micro2.allc.tsv.gz,https://ftp.ncbi.nlm.nih.gov/geo/samples/GSM9034nnn/GSM9034338/suppl/GSM9034338_m5087_Micro2.allc.tsv.gz
m5551,GSM9034340,Micro1,Micro,1091602178,GSM9034340_m5551_Micro1.allc.tsv.gz,https://ftp.ncbi.nlm.nih.gov/geo/samples/GSM9034nnn/GSM9034340/suppl/GSM9034340_m5551_Micro1.allc.tsv.gz
m5551,GSM9034340,Micro2,Micro,2052702647,GSM9034340_m5551_Micro2.allc.tsv.gz,https://ftp.ncbi.nlm.nih.gov/geo/samples/GSM9034nnn/GSM9034340/suppl/GSM9034340_m5551_Micro2.allc.tsv.gz
m5579,GSM9034341,Micro1,Micro,2491805439,GSM9034341_m5579_Micro1.allc.tsv.gz,https://ftp.ncbi.nlm.nih.gov/geo/samples/GSM9034nnn/GSM9034341/suppl/GSM9034341_m5579_Micro1.allc.tsv.gz
m5579,GSM9034341,Micro2,Micro,522101630,GSM9034341_m5579_Micro2.allc.tsv.gz,https://ftp.ncbi.nlm.nih.gov/geo/samples/GSM9034nnn/GSM9034341/suppl/GSM9034341_m5579_Micro2.allc.tsv.gz
m5610,GSM9034342,Micro1,Micro,998953699,GSM9034342_m5610_Micro1.allc.tsv.gz,https://ftp.ncbi.nlm.nih.gov/geo/samples/GSM9034nnn/GSM9034342/suppl/GSM9034342_m5610_Micro1.allc.tsv.gz
m5610,GSM9034342,Micro2,Micro,1083273753,GSM9034342_m5610_Micro2.allc.tsv.gz,https://ftp.ncbi.nlm.nih.gov/geo/samples/GSM9034nnn/GSM9034342/suppl/GSM9034342_m5610_Micro2.allc.tsv.gz
m5614,GSM9034343,Micro1,Micro,1347734242,GSM9034343_m5614_Micro1.allc.tsv.gz,https://ftp.ncbi.nlm.nih.gov/geo/samples/GSM9034nnn/GSM9034343/suppl/GSM9034343_m5614_Micro1.allc.tsv.gz
m5614,GSM9034343,Micro2,Micro,464778493,GSM9034343_m5614_Micro2.allc.tsv.gz,https://ftp.ncbi.nlm.nih.gov/geo/samples/GSM9034nnn/GSM9034343/suppl/GSM9034343_m5614_Micro2.allc.tsv.gz
m6052,GSM9034345,Micro1,Micro,2878784397,GSM9034345_m6052_Micro1.allc.tsv.gz,https://ftp.ncbi.nlm.nih.gov/geo/samples/GSM9034nnn/GSM9034345/suppl/GSM9034345_m6052_Micro1.allc.tsv.gz
m6052,GSM9034345,Micro2,Micro,853386697,GSM9034345_m6052_Micro2.allc.tsv.gz,https://ftp.ncbi.nlm.nih.gov/geo/samples/GSM9034nnn/GSM9034345/suppl/GSM9034345_m6052_Micro2.allc.tsv.gz
m935,GSM9034354,Micro1,Micro,1221634708,GSM9034354_m935_Micro1.allc.tsv.gz,https://ftp.ncbi.nlm.nih.gov/geo/samples/GSM9034nnn/GSM9034354/suppl/GSM9034354_m935_Micro1.allc.tsv.gz
m935,GSM9034354,Micro2,Micro,646281700,GSM9034354_m935_Micro2.allc.tsv.gz,https://ftp.ncbi.nlm.nih.gov/geo/samples/GSM9034nnn/GSM9034354/suppl/GSM9034354_m935_Micro2.allc.tsv.gz
m937,GSM9034355,Micro1,Micro,964772033,GSM9034355_m937_Micro1.allc.tsv.gz,https://ftp.ncbi.nlm.nih.gov/geo/samples/GSM9034nnn/GSM9034355/suppl/GSM9034355_m937_Micro1.allc.tsv.gz
m937,GSM9034355,Micro2,Micro,162815516,GSM9034355_m937_Micro2.allc.tsv.gz,https://ftp.ncbi.nlm.nih.gov/geo/samples/GSM9034nnn/GSM9034355/suppl/GSM9034355_m937_Micro2.allc.tsv.gz
ms212191,GSM9034330,Micro2,Micro,1095693200,GSM9034330_ms212191_Micro2.allc.tsv.gz,https://ftp.ncbi.nlm.nih.gov/geo/samples/GSM9034nnn/GSM9034330/suppl/GSM9034330_ms212191_Micro2.allc.tsv.gz
ms69984,GSM9034346,Micro1,Micro,1986790236,GSM9034346_ms69984_Micro1.allc.tsv.gz,https://ftp.ncbi.nlm.nih.gov/geo/samples/GSM9034nnn/GSM9034346/suppl/GSM9034346_ms69984_Micro1.allc.tsv.gz
ms69984,GSM9034346,Micro2,Micro,2025325269,GSM9034346_ms69984_Micro2.allc.tsv.gz,https://ftp.ncbi.nlm.nih.gov/geo/samples/GSM9034nnn/GSM9034346/suppl/GSM9034346_ms69984_Micro2.allc.tsv.gz
ms73787,GSM9034348,Micro1,Micro,1071658187,GSM9034348_ms73787_Micro1.allc.tsv.gz,https://ftp.ncbi.nlm.nih.gov/geo/samples/GSM9034nnn/GSM9034348/suppl/GSM9034348_ms73787_Micro1.allc.tsv.gz
ms73787,GSM9034348,Micro2,Micro,786975786,GSM9034348_ms73787_Micro2.allc.tsv.gz,https://ftp.ncbi.nlm.nih.gov/geo/samples/GSM9034nnn/GSM9034348/suppl/GSM9034348_ms73787_Micro2.allc.tsv.gz
pb13344,GSM9034325,Micro1,Micro,2205407622,GSM9034325_pb13344_Micro1.allc.tsv.gz,https://ftp.ncbi.nlm.nih.gov/geo/samples/GSM9034nnn/GSM9034325/suppl/GSM9034325_pb13344_Micro1.allc.tsv.gz
pb13344,GSM9034325,Micro2,Micro,583015227,GSM9034325_pb13344_Micro2.allc.tsv.gz,https://ftp.ncbi.nlm.nih.gov/geo/samples/GSM9034nnn/GSM9034325/suppl/GSM9034325_pb13344_Micro2.allc.tsv.gz
pb13394,GSM9034326,Micro1,Micro,316685992,GSM9034326_pb13394_Micro1.allc.tsv.gz,https://ftp.ncbi.nlm.nih.gov/geo/samples/GSM9034nnn/GSM9034326/suppl/GSM9034326_pb13394_Micro1.allc.tsv.gz
pb13394,GSM9034326,Micro2,Micro,1929895234,GSM9034326_pb13394_Micro2.allc.tsv.gz,https://ftp.ncbi.nlm.nih.gov/geo/samples/GSM9034nnn/GSM9034326/suppl/GSM9034326_pb13394_Micro2.allc.tsv.gz
s6021,GSM9034344,Micro1,Micro,1318221781,GSM9034344_s6021_Micro1.allc.tsv.gz,https://ftp.ncbi.nlm.nih.gov/geo/samples/GSM9034nnn/GSM9034344/suppl/GSM9034344_s6021_Micro1.allc.tsv.gz
s6021,GSM9034344,Micro2,Micro,1482898560,GSM9034344_s6021_Micro2.allc.tsv.gz,https://ftp.ncbi.nlm.nih.gov/geo/samples/GSM9034nnn/GSM9034344/suppl/GSM9034344_s6021_Micro2.allc.tsv.gz
M5276,GSM9034339,OPC,OPC,1801876158,GSM9034339_M5276_OPC.allc.tsv.gz,https://ftp.ncbi.nlm.nih.gov/geo/samples/GSM9034nnn/GSM9034339/suppl/GSM9034339_M5276_OPC.allc.tsv.gz
PB13414,GSM9034327,OPC,OPC,1449556900,GSM9034327_PB13414_OPC.allc.tsv.gz,https://ftp.ncbi.nlm.nih.gov/geo/samples/GSM9034nnn/GSM9034327/suppl/GSM9034327_PB13414_OPC.allc.tsv.gz
hc11,GSM9034317,OPC,OPC,660746486,GSM9034317_hc11_OPC.allc.tsv.gz,https://ftp.ncbi.nlm.nih.gov/geo/samples/GSM9034nnn/GSM9034317/suppl/GSM9034317_hc11_OPC.allc.tsv.gz
hc1153,GSM9034319,OPC,OPC,377520139,GSM9034319_hc1153_OPC.allc.tsv.gz,https://ftp.ncbi.nlm.nih.gov/geo/samples/GSM9034nnn/GSM9034319/suppl/GSM9034319_hc1153_OPC.allc.tsv.gz
hc12,GSM9034320,OPC,OPC,776279827,GSM9034320_hc12_OPC.allc.tsv.gz,https://ftp.ncbi.nlm.nih.gov/geo/samples/GSM9034nnn/GSM9034320/suppl/GSM9034320_hc12_OPC.allc.tsv.gz
hc1271,GSM9034324,OPC,OPC,1236926499,GSM9034324_hc1271_OPC.allc.tsv.gz,https://ftp.ncbi.nlm.nih.gov/geo/samples/GSM9034nnn/GSM9034324/suppl/GSM9034324_hc1271_OPC.allc.tsv.gz
hc19,GSM9034329,OPC,OPC,541846889,GSM9034329_hc19_OPC.allc.tsv.gz,https://ftp.ncbi.nlm.nih.gov/geo/samples/GSM9034nnn/GSM9034329/suppl/GSM9034329_hc19_OPC.allc.tsv.gz
hc26,GSM9034331,OPC,OPC,186203762,GSM9034331_hc26_OPC.allc.tsv.gz,https://ftp.ncbi.nlm.nih.gov/geo/samples/GSM9034nnn/GSM9034331/suppl/GSM9034331_hc26_OPC.allc.tsv.gz
hc29,GSM9034332,OPC,OPC,1349025254,GSM9034332_hc29_OPC.allc.tsv.gz,https://ftp.ncbi.nlm.nih.gov/geo/samples/GSM9034nnn/GSM9034332/suppl/GSM9034332_hc29_OPC.allc.tsv.gz
hc35,GSM9034333,OPC,OPC,366820123,GSM9034333_hc35_OPC.allc.tsv.gz,https://ftp.ncbi.nlm.nih.gov/geo/samples/GSM9034nnn/GSM9034333/suppl/GSM9034333_hc35_OPC.allc.tsv.gz
hc40,GSM9034334,OPC,OPC,457257632,GSM9034334_hc40_OPC.allc.tsv.gz,https://ftp.ncbi.nlm.nih.gov/geo/samples/GSM9034nnn/GSM9034334/suppl/GSM9034334_hc40_OPC.allc.tsv.gz
hc73,GSM9034347,OPC,OPC,1045894087,GSM9034347_hc73_OPC.allc.tsv.gz,https://ftp.ncbi.nlm.nih.gov/geo/samples/GSM9034nnn/GSM9034347/suppl/GSM9034347_hc73_OPC.allc.tsv.gz
hc76,GSM9034349,OPC,OPC,3058351226,GSM9034349_hc76_OPC.allc.tsv.gz,https://ftp.ncbi.nlm.nih.gov/geo/samples/GSM9034nnn/GSM9034349/suppl/GSM9034349_hc76_OPC.allc.tsv.gz
hc78,GSM9034350,OPC,OPC,1304243307,GSM9034350_hc78_OPC.allc.tsv.gz,https://ftp.ncbi.nlm.nih.gov/geo/samples/GSM9034nnn/GSM9034350/suppl/GSM9034350_hc78_OPC.allc.tsv.gz
hc8,GSM9034351,OPC,OPC,785801791,GSM9034351_hc8_OPC.allc.tsv.gz,https://ftp.ncbi.nlm.nih.gov/geo/samples/GSM9034nnn/GSM9034351/suppl/GSM9034351_hc8_OPC.allc.tsv.gz
hc81,GSM9034352,OPC,OPC,1382097985,GSM9034352_hc81_OPC.allc.tsv.gz,https://ftp.ncbi.nlm.nih.gov/geo/samples/GSM9034nnn/GSM9034352/suppl/GSM9034352_hc81_OPC.allc.tsv.gz
hc9,GSM9034353,OPC,OPC,681846354,GSM9034353_hc9_OPC.allc.tsv.gz,https://ftp.ncbi.nlm.nih.gov/geo/samples/GSM9034nnn/GSM9034353/suppl/GSM9034353_hc9_OPC.allc.tsv.gz
hc98,GSM9034356,OPC,OPC,566490112,GSM9034356_hc98_OPC.allc.tsv.gz,https://ftp.ncbi.nlm.nih.gov/geo/samples/GSM9034nnn/GSM9034356/suppl/GSM9034356_hc98_OPC.allc.tsv.gz
hs46426,GSM9034335,OPC,OPC,1310448540,GSM9034335_hs46426_OPC.allc.tsv.gz,https://ftp.ncbi.nlm.nih.gov/geo/samples/GSM9034nnn/GSM9034335/suppl/GSM9034335_hs46426_OPC.allc.tsv.gz
k1203,GSM9034321,OPC,OPC,1082754314,GSM9034321_k1203_OPC.allc.tsv.gz,https://ftp.ncbi.nlm.nih.gov/geo/samples/GSM9034nnn/GSM9034321/suppl/GSM9034321_k1203_OPC.allc.tsv.gz
k1216,GSM9034322,OPC,OPC,1209817334,GSM9034322_k1216_OPC.allc.tsv.gz,https://ftp.ncbi.nlm.nih.gov/geo/samples/GSM9034nnn/GSM9034322/suppl/GSM9034322_k1216_OPC.allc.tsv.gz
k1265,GSM9034323,OPC,OPC,882716664,GSM9034323_k1265_OPC.allc.tsv.gz,https://ftp.ncbi.nlm.nih.gov/geo/samples/GSM9034nnn/GSM9034323/suppl/GSM9034323_k1265_OPC.allc.tsv.gz
m1134,GSM9034318,OPC,OPC,2113987399,GSM9034318_m1134_OPC.allc.tsv.gz,https://ftp.ncbi.nlm.nih.gov/geo/samples/GSM9034nnn/GSM9034318/suppl/GSM9034318_m1134_OPC.allc.tsv.gz
m1745,GSM9034328,OPC,OPC,991720555,GSM9034328_m1745_OPC.allc.tsv.gz,https://ftp.ncbi.nlm.nih.gov/geo/samples/GSM9034nnn/GSM9034328/suppl/GSM9034328_m1745_OPC.allc.tsv.gz
m4781,GSM9034336,OPC,OPC,1377751860,GSM9034336_m4781_OPC.allc.tsv.gz,https://ftp.ncbi.nlm.nih.gov/geo/samples/GSM9034nnn/GSM9034336/suppl/GSM9034336_m4781_OPC.allc.tsv.gz
m5021,GSM9034337,OPC,OPC,1152449609,GSM9034337_m5021_OPC.allc.tsv.gz,https://ftp.ncbi.nlm.nih.gov/geo/samples/GSM9034nnn/GSM9034337/suppl/GSM9034337_m5021_OPC.allc.tsv.gz
m5087,GSM9034338,OPC,OPC,479893183,GSM9034338_m5087_OPC.allc.tsv.gz,https://ftp.ncbi.nlm.nih.gov/geo/samples/GSM9034nnn/GSM9034338/suppl/GSM9034338_m5087_OPC.allc.tsv.gz
m5551,GSM9034340,OPC,OPC,1613943403,GSM9034340_m5551_OPC.allc.tsv.gz,https://ftp.ncbi.nlm.nih.gov/geo/samples/GSM9034nnn/GSM9034340/suppl/GSM9034340_m5551_OPC.allc.tsv.gz
m5579,GSM9034341,OPC,OPC,2185672932,GSM9034341_m5579_OPC.allc.tsv.gz,https://ftp.ncbi.nlm.nih.gov/geo/samples/GSM9034nnn/GSM9034341/suppl/GSM9034341_m5579_OPC.allc.tsv.gz
m5610,GSM9034342,OPC,OPC,782999411,GSM9034342_m5610_OPC.allc.tsv.gz,https://ftp.ncbi.nlm.nih.gov/geo/samples/GSM9034nnn/GSM9034342/suppl/GSM9034342_m5610_OPC.allc.tsv.gz
m5614,GSM9034343,OPC,OPC,383567858,GSM9034343_m5614_OPC.allc.tsv.gz,https://ftp.ncbi.nlm.nih.gov/geo/samples/GSM9034nnn/GSM9034343/suppl/GSM9034343_m5614_OPC.allc.tsv.gz
m6052,GSM9034345,OPC,OPC,2007735107,GSM9034345_m6052_OPC.allc.tsv.gz,https://ftp.ncbi.nlm.nih.gov/geo/samples/GSM9034nnn/GSM9034345/suppl/GSM9034345_m6052_OPC.allc.tsv.gz
m935,GSM9034354,OPC,OPC,765162651,GSM9034354_m935_OPC.allc.tsv.gz,https://ftp.ncbi.nlm.nih.gov/geo/samples/GSM9034nnn/GSM9034354/suppl/GSM9034354_m935_OPC.allc.tsv.gz
m937,GSM9034355,OPC,OPC,1267474153,GSM9034355_m937_OPC.allc.tsv.gz,https://ftp.ncbi.nlm.nih.gov/geo/samples/GSM9034nnn/GSM9034355/suppl/GSM9034355_m937_OPC.allc.tsv.gz
ms212191,GSM9034330,OPC,OPC,501987593,GSM9034330_ms212191_OPC.allc.tsv.gz,https://ftp.ncbi.nlm.nih.gov/geo/samples/GSM9034nnn/GSM9034330/suppl/GSM9034330_ms212191_OPC.allc.tsv.gz
ms69984,GSM9034346,OPC,OPC,1768553059,GSM9034346_ms69984_OPC.allc.tsv.gz,https://ftp.ncbi.nlm.nih.gov/geo/samples/GSM9034nnn/GSM9034346/suppl/GSM9034346_ms69984_OPC.allc.tsv.gz
ms73787,GSM9034348,OPC,OPC,838183961,GSM9034348_ms73787_OPC.allc.tsv.gz,https://ftp.ncbi.nlm.nih.gov/geo/samples/GSM9034nnn/GSM9034348/suppl/GSM9034348_ms73787_OPC.allc.tsv.gz
pb13344,GSM9034325,OPC,OPC,1548970344,GSM9034325_pb13344_OPC.allc.tsv.gz,https://ftp.ncbi.nlm.nih.gov/geo/samples/GSM9034nnn/GSM9034325/suppl/GSM9034325_pb13344_OPC.allc.tsv.gz
pb13394,GSM9034326,OPC,OPC,951422706,GSM9034326_pb13394_OPC.allc.tsv.gz,https://ftp.ncbi.nlm.nih.gov/geo/samples/GSM9034nnn/GSM9034326/suppl/GSM9034326_pb13394_OPC.allc.tsv.gz
s6021,GSM9034344,OPC,OPC,840230538,GSM9034344_s6021_OPC.allc.tsv.gz,https://ftp.ncbi.nlm.nih.gov/geo/samples/GSM9034nnn/GSM9034344/suppl/GSM9034344_s6021_OPC.allc.tsv.gz
M5276,GSM9034339,Oligo,Oligo,5078694799,GSM9034339_M5276_Oligo.allc.tsv.gz,https://ftp.ncbi.nlm.nih.gov/geo/samples/GSM9034nnn/GSM9034339/suppl/GSM9034339_M5276_Oligo.allc.tsv.gz
PB13414,GSM9034327,Oligo,Oligo,5233374424,GSM9034327_PB13414_Oligo.allc.tsv.gz,https://ftp.ncbi.nlm.nih.gov/geo/samples/GSM9034nnn/GSM9034327/suppl/GSM9034327_PB13414_Oligo.allc.tsv.gz
hc11,GSM9034317,Oligo,Oligo,4032276970,GSM9034317_hc11_Oligo.allc.tsv.gz,https://ftp.ncbi.nlm.nih.gov/geo/samples/GSM9034nnn/GSM9034317/suppl/GSM9034317_hc11_Oligo.allc.tsv.gz
hc1153,GSM9034319,Oligo,Oligo,4875549262,GSM9034319_hc1153_Oligo.allc.tsv.gz,https://ftp.ncbi.nlm.nih.gov/geo/samples/GSM9034nnn/GSM9034319/suppl/GSM9034319_hc1153_Oligo.allc.tsv.gz
hc12,GSM9034320,Oligo,Oligo,3491087943,GSM9034320_hc12_Oligo.allc.tsv.gz,https://ftp.ncbi.nlm.nih.gov/geo/samples/GSM9034nnn/GSM9034320/suppl/GSM9034320_hc12_Oligo.allc.tsv.gz
hc1271,GSM9034324,Oligo,Oligo,5458131540,GSM9034324_hc1271_Oligo.allc.tsv.gz,https://ftp.ncbi.nlm.nih.gov/geo/samples/GSM9034nnn/GSM9034324/suppl/GSM9034324_hc1271_Oligo.allc.tsv.gz
hc19,GSM9034329,Oligo,Oligo,5265868384,GSM9034329_hc19_Oligo.allc.tsv.gz,https://ftp.ncbi.nlm.nih.gov/geo/samples/GSM9034nnn/GSM9034329/suppl/GSM9034329_hc19_Oligo.allc.tsv.gz
hc26,GSM9034331,Oligo,Oligo,4024747450,GSM9034331_hc26_Oligo.allc.tsv.gz,https://ftp.ncbi.nlm.nih.gov/geo/samples/GSM9034nnn/GSM9034331/suppl/GSM9034331_hc26_Oligo.allc.tsv.gz
hc29,GSM9034332,Oligo,Oligo,4431207166,GSM9034332_hc29_Oligo.allc.tsv.gz,https://ftp.ncbi.nlm.nih.gov/geo/samples/GSM9034nnn/GSM9034332/suppl/GSM9034332_hc29_Oligo.allc.tsv.gz
hc35,GSM9034333,Oligo,Oligo,2579934470,GSM9034333_hc35_Oligo.allc.tsv.gz,https://ftp.ncbi.nlm.nih.gov/geo/samples/GSM9034nnn/GSM9034333/suppl/GSM9034333_hc35_Oligo.allc.tsv.gz
hc40,GSM9034334,Oligo,Oligo,4895145862,GSM9034334_hc40_Oligo.allc.tsv.gz,https://ftp.ncbi.nlm.nih.gov/geo/samples/GSM9034nnn/GSM9034334/suppl/GSM9034334_hc40_Oligo.allc.tsv.gz
hc73,GSM9034347,Oligo,Oligo,2531347530,GSM9034347_hc73_Oligo.allc.tsv.gz,https://ftp.ncbi.nlm.nih.gov/geo/samples/GSM9034nnn/GSM9034347/suppl/GSM9034347_hc73_Oligo.allc.tsv.gz
hc76,GSM9034349,Oligo,Oligo,5541275123,GSM9034349_hc76_Oligo.allc.tsv.gz,https://ftp.ncbi.nlm.nih.gov/geo/samples/GSM9034nnn/GSM9034349/suppl/GSM9034349_hc76_Oligo.allc.tsv.gz
hc78,GSM9034350,Oligo,Oligo,3354555270,GSM9034350_hc78_Oligo.allc.tsv.gz,https://ftp.ncbi.nlm.nih.gov/geo/samples/GSM9034nnn/GSM9034350/suppl/GSM9034350_hc78_Oligo.allc.tsv.gz
hc8,GSM9034351,Oligo,Oligo,3744856902,GSM9034351_hc8_Oligo.allc.tsv.gz,https://ftp.ncbi.nlm.nih.gov/geo/samples/GSM9034nnn/GSM9034351/suppl/GSM9034351_hc8_Oligo.allc.tsv.gz
hc81,GSM9034352,Oligo,Oligo,4455137683,GSM9034352_hc81_Oligo.allc.tsv.gz,https://ftp.ncbi.nlm.nih.gov/geo/samples/GSM9034nnn/GSM9034352/suppl/GSM9034352_hc81_Oligo.allc.tsv.gz
hc9,GSM9034353,Oligo,Oligo,4459185598,GSM9034353_hc9_Oligo.allc.tsv.gz,https://ftp.ncbi.nlm.nih.gov/geo/samples/GSM9034nnn/GSM9034353/suppl/GSM9034353_hc9_Oligo.allc.tsv.gz
hc98,GSM9034356,Oligo,Oligo,3595533975,GSM9034356_hc98_Oligo.allc.tsv.gz,https://ftp.ncbi.nlm.nih.gov/geo/samples/GSM9034nnn/GSM9034356/suppl/GSM9034356_hc98_Oligo.allc.tsv.gz
hs46426,GSM9034335,Oligo,Oligo,5257183052,GSM9034335_hs46426_Oligo.allc.tsv.gz,https://ftp.ncbi.nlm.nih.gov/geo/samples/GSM9034nnn/GSM9034335/suppl/GSM9034335_hs46426_Oligo.allc.tsv.gz
k1203,GSM9034321,Oligo,Oligo,5389032808,GSM9034321_k1203_Oligo.allc.tsv.gz,https://ftp.ncbi.nlm.nih.gov/geo/samples/GSM9034nnn/GSM9034321/suppl/GSM9034321_k1203_Oligo.allc.tsv.gz
k1216,GSM9034322,Oligo,Oligo,4333629265,GSM9034322_k1216_Oligo.allc.tsv.gz,https://ftp.ncbi.nlm.nih.gov/geo/samples/GSM9034nnn/GSM9034322/suppl/GSM9034322_k1216_Oligo.allc.tsv.gz
k1265,GSM9034323,Oligo,Oligo,5347379452,GSM9034323_k1265_Oligo.allc.tsv.gz,https://ftp.ncbi.nlm.nih.gov/geo/samples/GSM9034nnn/GSM9034323/suppl/GSM9034323_k1265_Oligo.allc.tsv.gz
m1134,GSM9034318,Oligo,Oligo,5263461306,GSM9034318_m1134_Oligo.allc.tsv.gz,https://ftp.ncbi.nlm.nih.gov/geo/samples/GSM9034nnn/GSM9034318/suppl/GSM9034318_m1134_Oligo.allc.tsv.gz
m1745,GSM9034328,Oligo,Oligo,4743295697,GSM9034328_m1745_Oligo.allc.tsv.gz,https://ftp.ncbi.nlm.nih.gov/geo/samples/GSM9034nnn/GSM9034328/suppl/GSM9034328_m1745_Oligo.allc.tsv.gz
m4781,GSM9034336,Oligo,Oligo,5124605414,GSM9034336_m4781_Oligo.allc.tsv.gz,https://ftp.ncbi.nlm.nih.gov/geo/samples/GSM9034nnn/GSM9034336/suppl/GSM9034336_m4781_Oligo.allc.tsv.gz
m5021,GSM9034337,Oligo,Oligo,4859285788,GSM9034337_m5021_Oligo.allc.tsv.gz,https://ftp.ncbi.nlm.nih.gov/geo/samples/GSM9034nnn/GSM9034337/suppl/GSM9034337_m5021_Oligo.allc.tsv.gz
m5087,GSM9034338,Oligo,Oligo,4894600840,GSM9034338_m5087_Oligo.allc.tsv.gz,https://ftp.ncbi.nlm.nih.gov/geo/samples/GSM9034nnn/GSM9034338/suppl/GSM9034338_m5087_Oligo.allc.tsv.gz
m5551,GSM9034340,Oligo,Oligo,5309390632,GSM9034340_m5551_Oligo.allc.tsv.gz,https://ftp.ncbi.nlm.nih.gov/geo/samples/GSM9034nnn/GSM9034340/suppl/GSM9034340_m5551_Oligo.allc.tsv.gz
m5579,GSM9034341,Oligo,Oligo,4415337955,GSM9034341_m5579_Oligo.allc.tsv.gz,https://ftp.ncbi.nlm.nih.gov/geo/samples/GSM9034nnn/GSM9034341/suppl/GSM9034341_m5579_Oligo.allc.tsv.gz
m5610,GSM9034342,Oligo,Oligo,4354776512,GSM9034342_m5610_Oligo.allc.tsv.gz,https://ftp.ncbi.nlm.nih.gov/geo/samples/GSM9034nnn/GSM9034342/suppl/GSM9034342_m5610_Oligo.allc.tsv.gz
m5614,GSM9034343,Oligo,Oligo,2870747008,GSM9034343_m5614_Oligo.allc.tsv.gz,https://ftp.ncbi.nlm.nih.gov/geo/samples/GSM9034nnn/GSM9034343/suppl/GSM9034343_m5614_Oligo.allc.tsv.gz
m6052,GSM9034345,Oligo,Oligo,5330316879,GSM9034345_m6052_Oligo.allc.tsv.gz,https://ftp.ncbi.nlm.nih.gov/geo/samples/GSM9034nnn/GSM9034345/suppl/GSM9034345_m6052_Oligo.allc.tsv.gz
m935,GSM9034354,Oligo,Oligo,4223501266,GSM9034354_m935_Oligo.allc.tsv.gz,https://ftp.ncbi.nlm.nih.gov/geo/samples/GSM9034nnn/GSM9034354/suppl/GSM9034354_m935_Oligo.allc.tsv.gz
m937,GSM9034355,Oligo,Oligo,4870847872,GSM9034355_m937_Oligo.allc.tsv.gz,https://ftp.ncbi.nlm.nih.gov/geo/samples/GSM9034nnn/GSM9034355/suppl/GSM9034355_m937_Oligo.allc.tsv.gz
ms212191,GSM9034330,Oligo,Oligo,4260838306,GSM9034330_ms212191_Oligo.allc.tsv.gz,https://ftp.ncbi.nlm.nih.gov/geo/samples/GSM9034nnn/GSM9034330/suppl/GSM9034330_ms212191_Oligo.allc.tsv.gz
ms69984,GSM9034346,Oligo,Oligo,5658442691,GSM9034346_ms69984_Oligo.allc.tsv.gz,https://ftp.ncbi.nlm.nih.gov/geo/samples/GSM9034nnn/GSM9034346/suppl/GSM9034346_ms69984_Oligo.allc.tsv.gz
ms73787,GSM9034348,Oligo,Oligo,4918272942,GSM9034348_ms73787_Oligo.allc.tsv.gz,https://ftp.ncbi.nlm.nih.gov/geo/samples/GSM9034nnn/GSM9034348/suppl/GSM9034348_ms73787_Oligo.allc.tsv.gz
pb13344,GSM9034325,Oligo,Oligo,3740253743,GSM9034325_pb13344_Oligo.allc.tsv.gz,https://ftp.ncbi.nlm.nih.gov/geo/samples/GSM9034nnn/GSM9034325/suppl/GSM9034325_pb13344_Oligo.allc.tsv.gz
pb13394,GSM9034326,Oligo,Oligo,4420143046,GSM9034326_pb13394_Oligo.allc.tsv.gz,https://ftp.ncbi.nlm.nih.gov/geo/samples/GSM9034nnn/GSM9034326/suppl/GSM9034326_pb13394_Oligo.allc.tsv.gz
s6021,GSM9034344,Oligo,Oligo,4255587259,GSM9034344_s6021_Oligo.allc.tsv.gz,https://ftp.ncbi.nlm.nih.gov/geo/samples/GSM9034nnn/GSM9034344/suppl/GSM9034344_s6021_Oligo.allc.tsv.gz
