celltype,dropped_donor,n_YA,n_HA,log2fc,p
Astro,<none>,8,9,0.22255104668343328,0.8883587001234061
Astro,11,8,8,0.14901084902472927,0.959129759129759
Astro,14,8,8,0.2403637563917176,0.8784770784770783
Astro,15,8,8,0.32280034783420675,0.7209013209013208
Astro,16,8,8,0.1817663390448221,0.959129759129759
Astro,2,7,9,0.14505721993590814,1.0
Astro,28,8,8,0.17177094683393923,0.959129759129759
Astro,29,7,9,0.3203588426257733,0.6064685314685315
Astro,30,7,9,0.06749598653312505,0.8370629370629371
Astro,32,8,8,0.23118959157272823,0.8784770784770783
Astro,35,8,8,0.18007136909414623,0.959129759129759
Astro,37,8,8,0.19916727863902128,0.8784770784770783
Astro,39,7,9,0.20055968358937237,1.0
Astro,43,7,9,0.28636070456604257,0.8370629370629371
Astro,44,8,8,0.3268189417155858,0.7209013209013208
Astro,45,7,9,0.351857981834375,0.5360139860139861
Astro,47,7,9,0.3360523983875776,0.6064685314685315
Astro,7,7,9,0.07266555599529223,0.8370629370629371
CA_ExN,<none>,8,9,0.2720491093484676,0.4807075277663513
CA_ExN,11,8,8,0.2511854212502018,0.5737373737373737
CA_ExN,14,8,8,0.33975928114780896,0.3822843822843822
CA_ExN,15,8,8,0.22059019727172302,0.5737373737373737
CA_ExN,16,8,8,0.20826220540274232,0.5737373737373737
CA_ExN,2,7,9,0.32794926716441264,0.46975524475524477
CA_ExN,28,8,8,0.19801268438961106,0.5737373737373737
CA_ExN,29,7,9,0.23897295148721787,0.6064685314685315
CA_ExN,30,7,9,0.1725684879129057,0.6805944055944056
CA_ExN,32,8,8,0.270369254963291,0.5053613053613053
CA_ExN,35,8,8,0.22779841693629166,0.5737373737373737
CA_ExN,37,8,8,0.29810587352367346,0.5053613053613053
CA_ExN,39,7,9,0.403683954338081,0.2104895104895105
CA_ExN,43,7,9,0.23592670299040552,0.6064685314685315
CA_ExN,44,8,8,0.43435864925086864,0.2786324786324786
CA_ExN,45,7,9,0.18438608857258343,0.6805944055944056
CA_ExN,47,7,9,0.03871419831885303,0.7576923076923078
CA_ExN,7,7,9,0.5741912240032829,0.2104895104895105
DG_GC,<none>,8,9,2.412222735232692,0.4807075277663513
DG_GC,11,8,8,2.4718880480422696,0.4418026418026417
DG_GC,14,8,8,2.178023691717762,0.7209013209013208
DG_GC,15,8,8,2.549127719918733,0.4418026418026417
DG_GC,16,8,8,2.2207439576079437,0.5737373737373737
DG_GC,2,7,9,2.764358217999425,0.4078671328671329
DG_GC,28,8,8,2.721063203088463,0.32820512820512815
DG_GC,29,7,9,2.9889511818362124,0.29912587412587416
DG_GC,30,7,9,2.17453839780798,0.7576923076923078
DG_GC,32,8,8,2.614876048180688,0.32820512820512815
DG_GC,35,8,8,2.2807744802668704,0.5737373737373737
DG_GC,37,8,8,2.4834107698849133,0.4418026418026417
DG_GC,39,7,9,2.9789964385010124,0.29912587412587416
DG_GC,43,7,9,2.8651922343694847,0.4078671328671329
DG_GC,44,8,8,2.190096698386584,0.7209013209013208
DG_GC,45,7,9,2.580131347549534,0.6064685314685315
DG_GC,47,7,9,2.558784628018444,0.6064685314685315
DG_GC,7,7,9,0.38682943577944373,0.7576923076923078
Endo,<none>,8,9,0.05537722843991677,0.9625668449197862
Endo,11,8,8,0.010979609476546415,0.959129759129759
Endo,14,8,8,0.28559040848620576,0.8784770784770783
Endo,15,8,8,-0.14303242492542445,0.7209013209013208
Endo,16,8,8,0.14203033403970622,1.0
Endo,2,7,9,-0.08305780617613401,0.7576923076923078
Endo,28,8,8,-0.010465044158055825,0.8784770784770783
Endo,29,7,9,0.14282336107808113,0.9181818181818182
Endo,30,7,9,0.023616373938832425,0.9181818181818182
Endo,32,8,8,0.1508534782948825,1.0
Endo,35,8,8,-0.1426503176054439,0.7209013209013208
Endo,37,8,8,0.19851612346581415,0.8784770784770783
Endo,39,7,9,0.18785808543086713,0.9181818181818182
Endo,43,7,9,0.1293944941827938,1.0
Endo,44,8,8,0.006572888885025385,0.959129759129759
Endo,45,7,9,0.3370376548321037,0.7576923076923078
Endo,47,7,9,-0.21401467678117125,0.6064685314685315
Endo,7,7,9,-0.0806396589860423,0.7576923076923078
Ependymal,<none>,8,9,1.231530984545424,0.9625668449197862
Ependymal,11,8,8,1.3777190330478595,0.8784770784770783
Ependymal,14,8,8,1.3530793512625312,0.8784770784770783
Ependymal,15,8,8,0.8356901154336249,0.7984459984459983
Ependymal,16,8,8,1.259261193278184,0.8784770784770783
Ependymal,2,7,9,1.526509734508501,0.8370629370629371
Ependymal,28,8,8,1.101695928236734,0.959129759129759
Ependymal,29,7,9,1.5496970069802707,0.8370629370629371
Ependymal,30,7,9,1.1807434277451385,0.8370629370629371
Ependymal,32,8,8,0.9961745301989531,0.8784770784770783
Ependymal,35,8,8,1.1868609515686899,0.8784770784770783
Ependymal,37,8,8,1.6630425041841885,0.7209013209013208
Ependymal,39,7,9,1.7591580498055563,0.6805944055944056
Ependymal,43,7,9,1.4848618390874435,0.8370629370629371
Ependymal,44,8,8,1.3102552536980463,0.8784770784770783
Ependymal,45,7,9,1.5890697181096556,0.7576923076923078
Ependymal,47,7,9,1.0923306689371675,0.8370629370629371
Ependymal,7,7,9,-0.33012256881033686,0.7576923076923078
Immature,<none>,8,9,1.826226508362323,0.7429864253393665
Immature,11,8,8,1.6961915071902487,0.8784770784770783
Immature,14,8,8,1.720123663214867,0.7984459984459983
Immature,15,8,8,1.7035496770316563,0.7984459984459983
Immature,16,8,8,1.9236853212838136,0.7209013209013208
Immature,2,7,9,1.8456288161803815,1.0
Immature,28,8,8,1.8809054517517705,0.7209013209013208
Immature,29,7,9,2.241078299781819,0.4078671328671329
Immature,30,7,9,1.8859446734278684,1.0
Immature,32,8,8,1.7834646799377882,0.7209013209013208
Immature,35,8,8,1.978239456899141,0.7209013209013208
Immature,37,8,8,1.9732682238551398,0.7209013209013208
Immature,39,7,9,2.3199718990666565,0.4078671328671329
Immature,43,7,9,2.2276498965298615,0.46975524475524477
Immature,44,8,8,1.776610594096475,0.7209013209013208
Immature,45,7,9,0.34332761895353414,1.0
Immature,47,7,9,1.5397718921261099,1.0
Immature,7,7,9,2.2064389708323535,0.6064685314685315
InN,<none>,8,9,-0.09684824680309667,0.7429864253393665
InN,11,8,8,-0.07609393887325133,0.7209013209013208
InN,14,8,8,-0.02631935971717514,0.6453768453768453
InN,15,8,8,-0.13119589519267016,0.7984459984459983
InN,16,8,8,-0.0602773576999418,0.6453768453768453
InN,2,7,9,-0.05807170139813511,0.5360139860139861
InN,28,8,8,-0.2050354306538944,0.959129759129759
InN,29,7,9,-0.0822361955798181,0.6064685314685315
InN,30,7,9,-0.19913928114995283,1.0
InN,32,8,8,-0.07104926388313793,0.7209013209013208
InN,35,8,8,-0.09140424374042766,0.7209013209013208
InN,37,8,8,-0.16898818250857595,0.959129759129759
InN,39,7,9,-0.034424445726282116,0.5360139860139861
InN,43,7,9,-0.2941862251882714,1.0
InN,44,8,8,-0.041270548958794784,0.6453768453768453
InN,45,7,9,-0.24701900395103404,1.0
InN,47,7,9,-0.1463979738008252,0.8370629370629371
InN,7,7,9,0.286688852369549,0.4078671328671329
Micro,<none>,8,9,1.5092478890919163,0.00032908268202385847
Micro,11,8,8,1.359144351295332,0.0006216006216006216
Micro,14,8,8,1.472542989864198,0.0006216006216006216
Micro,15,8,8,1.5121031764041675,0.0006216006216006216
Micro,16,8,8,1.5689571964818096,0.0006216006216006216
Micro,2,7,9,1.6552617797871014,0.00034965034965034965
Micro,28,8,8,1.5079476033615213,0.0006216006216006216
Micro,29,7,9,1.5632707462853026,0.0006993006993006993
Micro,30,7,9,1.5070166541091932,0.0006993006993006993
Micro,32,8,8,1.530029595730662,0.0006216006216006216
Micro,35,8,8,1.5659655141328566,0.0006216006216006216
Micro,37,8,8,1.5940703312703333,0.0001554001554001554
Micro,39,7,9,1.2166524633363003,0.0006993006993006993
Micro,43,7,9,1.568798304774735,0.0006993006993006993
Micro,44,8,8,1.4724702432863674,0.0006216006216006216
Micro,45,7,9,1.6330851422472787,0.00034965034965034965
Micro,47,7,9,1.3636941241561051,0.0006993006993006993
Micro,7,7,9,1.5662038980393178,0.0006993006993006993
NSC,<none>,8,9,-1.7143445813236875,8.227067050596462e-05
NSC,11,8,8,-1.527163538150183,0.0001554001554001554
NSC,14,8,8,-1.7641592897552405,0.0001554001554001554
NSC,15,8,8,-1.7441853197641626,0.0001554001554001554
NSC,16,8,8,-1.7502029036872964,0.0001554001554001554
NSC,2,7,9,-1.5767873602335731,0.00017482517482517483
NSC,28,8,8,-1.817460676916764,0.0001554001554001554
NSC,29,7,9,-1.7836478713892268,0.00017482517482517483
NSC,30,7,9,-1.6452323576732963,0.00017482517482517483
NSC,32,8,8,-1.7739256002895205,0.0001554001554001554
NSC,35,8,8,-1.7909788429877116,0.0001554001554001554
NSC,37,8,8,-1.578980840141619,0.0001554001554001554
NSC,39,7,9,-1.5243497066634415,0.00017482517482517483
NSC,43,7,9,-1.7319915896018943,0.00017482517482517483
NSC,44,8,8,-1.6820442202206847,0.0001554001554001554
NSC,45,7,9,-1.801847356611595,0.00017482517482517483
NSC,47,7,9,-1.8109102894400477,0.00017482517482517483
NSC,7,7,9,-1.8399901189764227,0.00017482517482517483
Neuroblast,<none>,8,9,-2.796218749926137,1.0
Neuroblast,11,8,8,-1.4993370427522752,0.7209013209013208
Neuroblast,14,8,8,-2.423257729407183,0.7129894874507409
Neuroblast,15,8,8,-3.173839644353908,0.9580911282267016
Neuroblast,16,8,8,-3.2254488277452733,0.8747345961020656
Neuroblast,2,7,9,-3.0703034004628407,0.9156385717447554
Neuroblast,28,8,8,-3.1685588039464925,0.9580911282267016
Neuroblast,29,7,9,-2.9821921977541077,0.9156385717447554
Neuroblast,30,7,9,-2.8813500936310614,0.9156385717447554
Neuroblast,32,8,8,-3.258799929689836,0.8747345961020656
Neuroblast,35,8,8,-3.4803009546145347,0.792746526993248
Neuroblast,37,8,8,-3.437088774073459,0.792746526993248
Neuroblast,39,7,9,-2.261236208918495,0.6717725291870066
Neuroblast,43,7,9,-2.54834972270927,0.8322175955142874
Neuroblast,44,8,8,-1.4993370427522752,0.7209013209013208
Neuroblast,45,7,9,-2.998320409029562,0.9156385717447554
Neuroblast,47,7,9,-2.7322861932947538,1.0
Neuroblast,7,7,9,-2.8957117736090057,0.9156385717447554
OPC,<none>,8,9,-0.5799246993882199,0.059234882764294526
OPC,11,8,8,-0.6461356657420798,0.037917637917637914
OPC,14,8,8,-0.5370584744768521,0.10489510489510488
OPC,15,8,8,-0.4529626608428101,0.10489510489510488
OPC,16,8,8,-0.5309952163544005,0.10489510489510488
OPC,2,7,9,-0.6170163910714952,0.0548951048951049
OPC,28,8,8,-0.5788319589713198,0.08298368298368297
OPC,29,7,9,-0.5751500296078347,0.11416083916083916
OPC,30,7,9,-0.6641714852524179,0.03111888111888112
OPC,32,8,8,-0.645813868586866,0.037917637917637914
OPC,35,8,8,-0.577117821359376,0.10489510489510488
OPC,37,8,8,-0.6402503437244516,0.037917637917637914
OPC,39,7,9,-0.6454482467568501,0.04178321678321679
OPC,43,7,9,-0.5592901356907025,0.11416083916083916
OPC,44,8,8,-0.6101562844358233,0.04988344988344988
OPC,45,7,9,-0.5339557139440174,0.11416083916083916
OPC,47,7,9,-0.40617062507227253,0.11416083916083916
OPC,7,7,9,-0.6381949677101684,0.04178321678321679
Oligo,<none>,8,9,0.09171172749889789,0.8883587001234061
Oligo,11,8,8,0.13837737090995805,0.7984459984459983
Oligo,14,8,8,0.1415355750573153,0.7984459984459983
Oligo,15,8,8,0.006952767302526919,0.959129759129759
Oligo,16,8,8,0.159757495439121,0.7984459984459983
Oligo,2,7,9,0.1977437929392165,0.6064685314685315
Oligo,28,8,8,0.062227668990487484,0.8784770784770783
Oligo,29,7,9,-0.020986499424644256,0.8370629370629371
Oligo,30,7,9,0.2870749120145313,0.5360139860139861
Oligo,32,8,8,0.01472193271279254,1.0
Oligo,35,8,8,0.1632879090706263,0.7984459984459983
Oligo,37,8,8,0.042702689073252476,1.0
Oligo,39,7,9,-0.12542853266107157,0.8370629370629371
Oligo,43,7,9,0.12977248600721136,0.8370629370629371
Oligo,44,8,8,0.09584213893400095,0.7984459984459983
Oligo,45,7,9,0.15273140222141657,0.7576923076923078
Oligo,47,7,9,0.1472051207215208,0.7576923076923078
Oligo,7,7,9,-0.034418861826997604,0.8370629370629371
